customer_id,store_id,first_name,last_name,email,address_id,active,create_date,last_update,full_name,customer_status,email_domain
1,1,MARY,SMITH,MARY.SMITH@sakilacustomer.org,5,1,14-02-2006 22:04,15-02-2006 04:57,MARY SMITH,Active,sakilacustomer.org
2,1,PATRICIA,JOHNSON,PATRICIA.JOHNSON@sakilacustomer.org,6,1,14-02-2006 22:04,15-02-2006 04:57,PATRICIA JOHNSON,Active,sakilacustomer.org
3,1,LINDA,WILLIAMS,LINDA.WILLIAMS@sakilacustomer.org,7,1,14-02-2006 22:04,15-02-2006 04:57,LINDA WILLIAMS,Active,sakilacustomer.org
4,2,BARBARA,JONES,BARBARA.JONES@sakilacustomer.org,8,1,14-02-2006 22:04,15-02-2006 04:57,BARBARA JONES,Active,sakilacustomer.org
5,1,ELIZABETH,BROWN,ELIZABETH.BROWN@sakilacustomer.org,9,1,14-02-2006 22:04,15-02-2006 04:57,ELIZABETH BROWN,Active,sakilacustomer.org
6,2,JENNIFER,DAVIS,JENNIFER.DAVIS@sakilacustomer.org,10,1,14-02-2006 22:04,15-02-2006 04:57,JENNIFER DAVIS,Active,sakilacustomer.org
7,1,MARIA,MILLER,MARIA.MILLER@sakilacustomer.org,11,1,14-02-2006 22:04,15-02-2006 04:57,MARIA MILLER,Active,sakilacustomer.org
8,2,SUSAN,WILSON,SUSAN.WILSON@sakilacustomer.org,12,1,14-02-2006 22:04,15-02-2006 04:57,SUSAN WILSON,Active,sakilacustomer.org
9,2,MARGARET,MOORE,MARGARET.MOORE@sakilacustomer.org,13,1,14-02-2006 22:04,15-02-2006 04:57,MARGARET MOORE,Active,sakilacustomer.org
10,1,DOROTHY,TAYLOR,DOROTHY.TAYLOR@sakilacustomer.org,14,1,14-02-2006 22:04,15-02-2006 04:57,DOROTHY TAYLOR,Active,sakilacustomer.org
11,2,LISA,ANDERSON,LISA.ANDERSON@sakilacustomer.org,15,1,14-02-2006 22:04,15-02-2006 04:57,LISA ANDERSON,Active,sakilacustomer.org
12,1,NANCY,THOMAS,NANCY.THOMAS@sakilacustomer.org,16,1,14-02-2006 22:04,15-02-2006 04:57,NANCY THOMAS,Active,sakilacustomer.org
13,2,KAREN,JACKSON,KAREN.JACKSON@sakilacustomer.org,17,1,14-02-2006 22:04,15-02-2006 04:57,KAREN JACKSON,Active,sakilacustomer.org
14,2,BETTY,WHITE,BETTY.WHITE@sakilacustomer.org,18,1,14-02-2006 22:04,15-02-2006 04:57,BETTY WHITE,Active,sakilacustomer.org
15,1,HELEN,HARRIS,HELEN.HARRIS@sakilacustomer.org,19,1,14-02-2006 22:04,15-02-2006 04:57,HELEN HARRIS,Active,sakilacustomer.org
16,2,SANDRA,MARTIN,SANDRA.MARTIN@sakilacustomer.org,20,0,14-02-2006 22:04,15-02-2006 04:57,SANDRA MARTIN,Inactive,sakilacustomer.org
17,1,DONNA,THOMPSON,DONNA.THOMPSON@sakilacustomer.org,21,1,14-02-2006 22:04,15-02-2006 04:57,DONNA THOMPSON,Active,sakilacustomer.org
18,2,CAROL,GARCIA,CAROL.GARCIA@sakilacustomer.org,22,1,14-02-2006 22:04,15-02-2006 04:57,CAROL GARCIA,Active,sakilacustomer.org
19,1,RUTH,MARTINEZ,RUTH.MARTINEZ@sakilacustomer.org,23,1,14-02-2006 22:04,15-02-2006 04:57,RUTH MARTINEZ,Active,sakilacustomer.org
20,2,SHARON,ROBINSON,SHARON.ROBINSON@sakilacustomer.org,24,1,14-02-2006 22:04,15-02-2006 04:57,SHARON ROBINSON,Active,sakilacustomer.org
21,1,MICHELLE,CLARK,MICHELLE.CLARK@sakilacustomer.org,25,1,14-02-2006 22:04,15-02-2006 04:57,MICHELLE CLARK,Active,sakilacustomer.org
22,1,LAURA,RODRIGUEZ,LAURA.RODRIGUEZ@sakilacustomer.org,26,1,14-02-2006 22:04,15-02-2006 04:57,LAURA RODRIGUEZ,Active,sakilacustomer.org
23,2,SARAH,LEWIS,SARAH.LEWIS@sakilacustomer.org,27,1,14-02-2006 22:04,15-02-2006 04:57,SARAH LEWIS,Active,sakilacustomer.org
24,2,KIMBERLY,LEE,KIMBERLY.LEE@sakilacustomer.org,28,1,14-02-2006 22:04,15-02-2006 04:57,KIMBERLY LEE,Active,sakilacustomer.org
25,1,DEBORAH,WALKER,DEBORAH.WALKER@sakilacustomer.org,29,1,14-02-2006 22:04,15-02-2006 04:57,DEBORAH WALKER,Active,sakilacustomer.org
26,2,JESSICA,HALL,JESSICA.HALL@sakilacustomer.org,30,1,14-02-2006 22:04,15-02-2006 04:57,JESSICA HALL,Active,sakilacustomer.org
27,2,SHIRLEY,ALLEN,SHIRLEY.ALLEN@sakilacustomer.org,31,1,14-02-2006 22:04,15-02-2006 04:57,SHIRLEY ALLEN,Active,sakilacustomer.org
28,1,CYNTHIA,YOUNG,CYNTHIA.YOUNG@sakilacustomer.org,32,1,14-02-2006 22:04,15-02-2006 04:57,CYNTHIA YOUNG,Active,sakilacustomer.org
29,2,ANGELA,HERNANDEZ,ANGELA.HERNANDEZ@sakilacustomer.org,33,1,14-02-2006 22:04,15-02-2006 04:57,ANGELA HERNANDEZ,Active,sakilacustomer.org
30,1,MELISSA,KING,MELISSA.KING@sakilacustomer.org,34,1,14-02-2006 22:04,15-02-2006 04:57,MELISSA KING,Active,sakilacustomer.org
31,2,BRENDA,WRIGHT,BRENDA.WRIGHT@sakilacustomer.org,35,1,14-02-2006 22:04,15-02-2006 04:57,BRENDA WRIGHT,Active,sakilacustomer.org
32,1,AMY,LOPEZ,AMY.LOPEZ@sakilacustomer.org,36,1,14-02-2006 22:04,15-02-2006 04:57,AMY LOPEZ,Active,sakilacustomer.org
33,2,ANNA,HILL,ANNA.HILL@sakilacustomer.org,37,1,14-02-2006 22:04,15-02-2006 04:57,ANNA HILL,Active,sakilacustomer.org
34,2,REBECCA,SCOTT,REBECCA.SCOTT@sakilacustomer.org,38,1,14-02-2006 22:04,15-02-2006 04:57,REBECCA SCOTT,Active,sakilacustomer.org
35,2,VIRGINIA,GREEN,VIRGINIA.GREEN@sakilacustomer.org,39,1,14-02-2006 22:04,15-02-2006 04:57,VIRGINIA GREEN,Active,sakilacustomer.org
36,2,KATHLEEN,ADAMS,KATHLEEN.ADAMS@sakilacustomer.org,40,1,14-02-2006 22:04,15-02-2006 04:57,KATHLEEN ADAMS,Active,sakilacustomer.org
37,1,PAMELA,BAKER,PAMELA.BAKER@sakilacustomer.org,41,1,14-02-2006 22:04,15-02-2006 04:57,PAMELA BAKER,Active,sakilacustomer.org
38,1,MARTHA,GONZALEZ,MARTHA.GONZALEZ@sakilacustomer.org,42,1,14-02-2006 22:04,15-02-2006 04:57,MARTHA GONZALEZ,Active,sakilacustomer.org
39,1,DEBRA,NELSON,DEBRA.NELSON@sakilacustomer.org,43,1,14-02-2006 22:04,15-02-2006 04:57,DEBRA NELSON,Active,sakilacustomer.org
40,2,AMANDA,CARTER,AMANDA.CARTER@sakilacustomer.org,44,1,14-02-2006 22:04,15-02-2006 04:57,AMANDA CARTER,Active,sakilacustomer.org
41,1,STEPHANIE,MITCHELL,STEPHANIE.MITCHELL@sakilacustomer.org,45,1,14-02-2006 22:04,15-02-2006 04:57,STEPHANIE MITCHELL,Active,sakilacustomer.org
42,2,CAROLYN,PEREZ,CAROLYN.PEREZ@sakilacustomer.org,46,1,14-02-2006 22:04,15-02-2006 04:57,CAROLYN PEREZ,Active,sakilacustomer.org
43,2,CHRISTINE,ROBERTS,CHRISTINE.ROBERTS@sakilacustomer.org,47,1,14-02-2006 22:04,15-02-2006 04:57,CHRISTINE ROBERTS,Active,sakilacustomer.org
44,1,MARIE,TURNER,MARIE.TURNER@sakilacustomer.org,48,1,14-02-2006 22:04,15-02-2006 04:57,MARIE TURNER,Active,sakilacustomer.org
45,1,JANET,PHILLIPS,JANET.PHILLIPS@sakilacustomer.org,49,1,14-02-2006 22:04,15-02-2006 04:57,JANET PHILLIPS,Active,sakilacustomer.org
46,2,CATHERINE,CAMPBELL,CATHERINE.CAMPBELL@sakilacustomer.org,50,1,14-02-2006 22:04,15-02-2006 04:57,CATHERINE CAMPBELL,Active,sakilacustomer.org
47,1,FRANCES,PARKER,FRANCES.PARKER@sakilacustomer.org,51,1,14-02-2006 22:04,15-02-2006 04:57,FRANCES PARKER,Active,sakilacustomer.org
48,1,ANN,EVANS,ANN.EVANS@sakilacustomer.org,52,1,14-02-2006 22:04,15-02-2006 04:57,ANN EVANS,Active,sakilacustomer.org
49,2,JOYCE,EDWARDS,JOYCE.EDWARDS@sakilacustomer.org,53,1,14-02-2006 22:04,15-02-2006 04:57,JOYCE EDWARDS,Active,sakilacustomer.org
50,1,DIANE,COLLINS,DIANE.COLLINS@sakilacustomer.org,54,1,14-02-2006 22:04,15-02-2006 04:57,DIANE COLLINS,Active,sakilacustomer.org
51,1,ALICE,STEWART,ALICE.STEWART@sakilacustomer.org,55,1,14-02-2006 22:04,15-02-2006 04:57,ALICE STEWART,Active,sakilacustomer.org
52,1,JULIE,SANCHEZ,JULIE.SANCHEZ@sakilacustomer.org,56,1,14-02-2006 22:04,15-02-2006 04:57,JULIE SANCHEZ,Active,sakilacustomer.org
53,1,HEATHER,MORRIS,HEATHER.MORRIS@sakilacustomer.org,57,1,14-02-2006 22:04,15-02-2006 04:57,HEATHER MORRIS,Active,sakilacustomer.org
54,1,TERESA,ROGERS,TERESA.ROGERS@sakilacustomer.org,58,1,14-02-2006 22:04,15-02-2006 04:57,TERESA ROGERS,Active,sakilacustomer.org
55,2,DORIS,REED,DORIS.REED@sakilacustomer.org,59,1,14-02-2006 22:04,15-02-2006 04:57,DORIS REED,Active,sakilacustomer.org
56,1,GLORIA,COOK,GLORIA.COOK@sakilacustomer.org,60,1,14-02-2006 22:04,15-02-2006 04:57,GLORIA COOK,Active,sakilacustomer.org
57,2,EVELYN,MORGAN,EVELYN.MORGAN@sakilacustomer.org,61,1,14-02-2006 22:04,15-02-2006 04:57,EVELYN MORGAN,Active,sakilacustomer.org
58,1,JEAN,BELL,JEAN.BELL@sakilacustomer.org,62,1,14-02-2006 22:04,15-02-2006 04:57,JEAN BELL,Active,sakilacustomer.org
59,1,CHERYL,MURPHY,CHERYL.MURPHY@sakilacustomer.org,63,1,14-02-2006 22:04,15-02-2006 04:57,CHERYL MURPHY,Active,sakilacustomer.org
60,1,MILDRED,BAILEY,MILDRED.BAILEY@sakilacustomer.org,64,1,14-02-2006 22:04,15-02-2006 04:57,MILDRED BAILEY,Active,sakilacustomer.org
61,2,KATHERINE,RIVERA,KATHERINE.RIVERA@sakilacustomer.org,65,1,14-02-2006 22:04,15-02-2006 04:57,KATHERINE RIVERA,Active,sakilacustomer.org
62,1,JOAN,COOPER,JOAN.COOPER@sakilacustomer.org,66,1,14-02-2006 22:04,15-02-2006 04:57,JOAN COOPER,Active,sakilacustomer.org
63,1,ASHLEY,RICHARDSON,ASHLEY.RICHARDSON@sakilacustomer.org,67,1,14-02-2006 22:04,15-02-2006 04:57,ASHLEY RICHARDSON,Active,sakilacustomer.org
64,2,JUDITH,COX,JUDITH.COX@sakilacustomer.org,68,0,14-02-2006 22:04,15-02-2006 04:57,JUDITH COX,Inactive,sakilacustomer.org
65,2,ROSE,HOWARD,ROSE.HOWARD@sakilacustomer.org,69,1,14-02-2006 22:04,15-02-2006 04:57,ROSE HOWARD,Active,sakilacustomer.org
66,2,JANICE,WARD,JANICE.WARD@sakilacustomer.org,70,1,14-02-2006 22:04,15-02-2006 04:57,JANICE WARD,Active,sakilacustomer.org
67,1,KELLY,TORRES,KELLY.TORRES@sakilacustomer.org,71,1,14-02-2006 22:04,15-02-2006 04:57,KELLY TORRES,Active,sakilacustomer.org
68,1,NICOLE,PETERSON,NICOLE.PETERSON@sakilacustomer.org,72,1,14-02-2006 22:04,15-02-2006 04:57,NICOLE PETERSON,Active,sakilacustomer.org
69,2,JUDY,GRAY,JUDY.GRAY@sakilacustomer.org,73,1,14-02-2006 22:04,15-02-2006 04:57,JUDY GRAY,Active,sakilacustomer.org
70,2,CHRISTINA,RAMIREZ,CHRISTINA.RAMIREZ@sakilacustomer.org,74,1,14-02-2006 22:04,15-02-2006 04:57,CHRISTINA RAMIREZ,Active,sakilacustomer.org
71,1,KATHY,JAMES,KATHY.JAMES@sakilacustomer.org,75,1,14-02-2006 22:04,15-02-2006 04:57,KATHY JAMES,Active,sakilacustomer.org
72,2,THERESA,WATSON,THERESA.WATSON@sakilacustomer.org,76,1,14-02-2006 22:04,15-02-2006 04:57,THERESA WATSON,Active,sakilacustomer.org
73,2,BEVERLY,BROOKS,BEVERLY.BROOKS@sakilacustomer.org,77,1,14-02-2006 22:04,15-02-2006 04:57,BEVERLY BROOKS,Active,sakilacustomer.org
74,1,DENISE,KELLY,DENISE.KELLY@sakilacustomer.org,78,1,14-02-2006 22:04,15-02-2006 04:57,DENISE KELLY,Active,sakilacustomer.org
75,2,TAMMY,SANDERS,TAMMY.SANDERS@sakilacustomer.org,79,1,14-02-2006 22:04,15-02-2006 04:57,TAMMY SANDERS,Active,sakilacustomer.org
76,2,IRENE,PRICE,IRENE.PRICE@sakilacustomer.org,80,1,14-02-2006 22:04,15-02-2006 04:57,IRENE PRICE,Active,sakilacustomer.org
77,2,JANE,BENNETT,JANE.BENNETT@sakilacustomer.org,81,1,14-02-2006 22:04,15-02-2006 04:57,JANE BENNETT,Active,sakilacustomer.org
78,1,LORI,WOOD,LORI.WOOD@sakilacustomer.org,82,1,14-02-2006 22:04,15-02-2006 04:57,LORI WOOD,Active,sakilacustomer.org
79,1,RACHEL,BARNES,RACHEL.BARNES@sakilacustomer.org,83,1,14-02-2006 22:04,15-02-2006 04:57,RACHEL BARNES,Active,sakilacustomer.org
80,1,MARILYN,ROSS,MARILYN.ROSS@sakilacustomer.org,84,1,14-02-2006 22:04,15-02-2006 04:57,MARILYN ROSS,Active,sakilacustomer.org
81,1,ANDREA,HENDERSON,ANDREA.HENDERSON@sakilacustomer.org,85,1,14-02-2006 22:04,15-02-2006 04:57,ANDREA HENDERSON,Active,sakilacustomer.org
82,1,KATHRYN,COLEMAN,KATHRYN.COLEMAN@sakilacustomer.org,86,1,14-02-2006 22:04,15-02-2006 04:57,KATHRYN COLEMAN,Active,sakilacustomer.org
83,1,LOUISE,JENKINS,LOUISE.JENKINS@sakilacustomer.org,87,1,14-02-2006 22:04,15-02-2006 04:57,LOUISE JENKINS,Active,sakilacustomer.org
84,2,SARA,PERRY,SARA.PERRY@sakilacustomer.org,88,1,14-02-2006 22:04,15-02-2006 04:57,SARA PERRY,Active,sakilacustomer.org
85,2,ANNE,POWELL,ANNE.POWELL@sakilacustomer.org,89,1,14-02-2006 22:04,15-02-2006 04:57,ANNE POWELL,Active,sakilacustomer.org
86,2,JACQUELINE,LONG,JACQUELINE.LONG@sakilacustomer.org,90,1,14-02-2006 22:04,15-02-2006 04:57,JACQUELINE LONG,Active,sakilacustomer.org
87,1,WANDA,PATTERSON,WANDA.PATTERSON@sakilacustomer.org,91,1,14-02-2006 22:04,15-02-2006 04:57,WANDA PATTERSON,Active,sakilacustomer.org
88,2,BONNIE,HUGHES,BONNIE.HUGHES@sakilacustomer.org,92,1,14-02-2006 22:04,15-02-2006 04:57,BONNIE HUGHES,Active,sakilacustomer.org
89,1,JULIA,FLORES,JULIA.FLORES@sakilacustomer.org,93,1,14-02-2006 22:04,15-02-2006 04:57,JULIA FLORES,Active,sakilacustomer.org
90,2,RUBY,WASHINGTON,RUBY.WASHINGTON@sakilacustomer.org,94,1,14-02-2006 22:04,15-02-2006 04:57,RUBY WASHINGTON,Active,sakilacustomer.org
91,2,LOIS,BUTLER,LOIS.BUTLER@sakilacustomer.org,95,1,14-02-2006 22:04,15-02-2006 04:57,LOIS BUTLER,Active,sakilacustomer.org
92,2,TINA,SIMMONS,TINA.SIMMONS@sakilacustomer.org,96,1,14-02-2006 22:04,15-02-2006 04:57,TINA SIMMONS,Active,sakilacustomer.org
93,1,PHYLLIS,FOSTER,PHYLLIS.FOSTER@sakilacustomer.org,97,1,14-02-2006 22:04,15-02-2006 04:57,PHYLLIS FOSTER,Active,sakilacustomer.org
94,1,NORMA,GONZALES,NORMA.GONZALES@sakilacustomer.org,98,1,14-02-2006 22:04,15-02-2006 04:57,NORMA GONZALES,Active,sakilacustomer.org
95,2,PAULA,BRYANT,PAULA.BRYANT@sakilacustomer.org,99,1,14-02-2006 22:04,15-02-2006 04:57,PAULA BRYANT,Active,sakilacustomer.org
96,1,DIANA,ALEXANDER,DIANA.ALEXANDER@sakilacustomer.org,100,1,14-02-2006 22:04,15-02-2006 04:57,DIANA ALEXANDER,Active,sakilacustomer.org
97,2,ANNIE,RUSSELL,ANNIE.RUSSELL@sakilacustomer.org,101,1,14-02-2006 22:04,15-02-2006 04:57,ANNIE RUSSELL,Active,sakilacustomer.org
98,1,LILLIAN,GRIFFIN,LILLIAN.GRIFFIN@sakilacustomer.org,102,1,14-02-2006 22:04,15-02-2006 04:57,LILLIAN GRIFFIN,Active,sakilacustomer.org
99,2,EMILY,DIAZ,EMILY.DIAZ@sakilacustomer.org,103,1,14-02-2006 22:04,15-02-2006 04:57,EMILY DIAZ,Active,sakilacustomer.org
100,1,ROBIN,HAYES,ROBIN.HAYES@sakilacustomer.org,104,1,14-02-2006 22:04,15-02-2006 04:57,ROBIN HAYES,Active,sakilacustomer.org
101,1,PEGGY,MYERS,PEGGY.MYERS@sakilacustomer.org,105,1,14-02-2006 22:04,15-02-2006 04:57,PEGGY MYERS,Active,sakilacustomer.org
102,1,CRYSTAL,FORD,CRYSTAL.FORD@sakilacustomer.org,106,1,14-02-2006 22:04,15-02-2006 04:57,CRYSTAL FORD,Active,sakilacustomer.org
103,1,GLADYS,HAMILTON,GLADYS.HAMILTON@sakilacustomer.org,107,1,14-02-2006 22:04,15-02-2006 04:57,GLADYS HAMILTON,Active,sakilacustomer.org
104,1,RITA,GRAHAM,RITA.GRAHAM@sakilacustomer.org,108,1,14-02-2006 22:04,15-02-2006 04:57,RITA GRAHAM,Active,sakilacustomer.org
105,1,DAWN,SULLIVAN,DAWN.SULLIVAN@sakilacustomer.org,109,1,14-02-2006 22:04,15-02-2006 04:57,DAWN SULLIVAN,Active,sakilacustomer.org
106,1,CONNIE,WALLACE,CONNIE.WALLACE@sakilacustomer.org,110,1,14-02-2006 22:04,15-02-2006 04:57,CONNIE WALLACE,Active,sakilacustomer.org
107,1,FLORENCE,WOODS,FLORENCE.WOODS@sakilacustomer.org,111,1,14-02-2006 22:04,15-02-2006 04:57,FLORENCE WOODS,Active,sakilacustomer.org
108,1,TRACY,COLE,TRACY.COLE@sakilacustomer.org,112,1,14-02-2006 22:04,15-02-2006 04:57,TRACY COLE,Active,sakilacustomer.org
109,2,EDNA,WEST,EDNA.WEST@sakilacustomer.org,113,1,14-02-2006 22:04,15-02-2006 04:57,EDNA WEST,Active,sakilacustomer.org
110,2,TIFFANY,JORDAN,TIFFANY.JORDAN@sakilacustomer.org,114,1,14-02-2006 22:04,15-02-2006 04:57,TIFFANY JORDAN,Active,sakilacustomer.org
111,1,CARMEN,OWENS,CARMEN.OWENS@sakilacustomer.org,115,1,14-02-2006 22:04,15-02-2006 04:57,CARMEN OWENS,Active,sakilacustomer.org
112,2,ROSA,REYNOLDS,ROSA.REYNOLDS@sakilacustomer.org,116,1,14-02-2006 22:04,15-02-2006 04:57,ROSA REYNOLDS,Active,sakilacustomer.org
113,2,CINDY,FISHER,CINDY.FISHER@sakilacustomer.org,117,1,14-02-2006 22:04,15-02-2006 04:57,CINDY FISHER,Active,sakilacustomer.org
114,2,GRACE,ELLIS,GRACE.ELLIS@sakilacustomer.org,118,1,14-02-2006 22:04,15-02-2006 04:57,GRACE ELLIS,Active,sakilacustomer.org
115,1,WENDY,HARRISON,WENDY.HARRISON@sakilacustomer.org,119,1,14-02-2006 22:04,15-02-2006 04:57,WENDY HARRISON,Active,sakilacustomer.org
116,1,VICTORIA,GIBSON,VICTORIA.GIBSON@sakilacustomer.org,120,1,14-02-2006 22:04,15-02-2006 04:57,VICTORIA GIBSON,Active,sakilacustomer.org
117,1,EDITH,MCDONALD,EDITH.MCDONALD@sakilacustomer.org,121,1,14-02-2006 22:04,15-02-2006 04:57,EDITH MCDONALD,Active,sakilacustomer.org
118,1,KIM,CRUZ,KIM.CRUZ@sakilacustomer.org,122,1,14-02-2006 22:04,15-02-2006 04:57,KIM CRUZ,Active,sakilacustomer.org
119,1,SHERRY,MARSHALL,SHERRY.MARSHALL@sakilacustomer.org,123,1,14-02-2006 22:04,15-02-2006 04:57,SHERRY MARSHALL,Active,sakilacustomer.org
120,2,SYLVIA,ORTIZ,SYLVIA.ORTIZ@sakilacustomer.org,124,1,14-02-2006 22:04,15-02-2006 04:57,SYLVIA ORTIZ,Active,sakilacustomer.org
121,1,JOSEPHINE,GOMEZ,JOSEPHINE.GOMEZ@sakilacustomer.org,125,1,14-02-2006 22:04,15-02-2006 04:57,JOSEPHINE GOMEZ,Active,sakilacustomer.org
122,1,THELMA,MURRAY,THELMA.MURRAY@sakilacustomer.org,126,1,14-02-2006 22:04,15-02-2006 04:57,THELMA MURRAY,Active,sakilacustomer.org
123,2,SHANNON,FREEMAN,SHANNON.FREEMAN@sakilacustomer.org,127,1,14-02-2006 22:04,15-02-2006 04:57,SHANNON FREEMAN,Active,sakilacustomer.org
124,1,SHEILA,WELLS,SHEILA.WELLS@sakilacustomer.org,128,0,14-02-2006 22:04,15-02-2006 04:57,SHEILA WELLS,Inactive,sakilacustomer.org
125,1,ETHEL,WEBB,ETHEL.WEBB@sakilacustomer.org,129,1,14-02-2006 22:04,15-02-2006 04:57,ETHEL WEBB,Active,sakilacustomer.org
126,1,ELLEN,SIMPSON,ELLEN.SIMPSON@sakilacustomer.org,130,1,14-02-2006 22:04,15-02-2006 04:57,ELLEN SIMPSON,Active,sakilacustomer.org
127,2,ELAINE,STEVENS,ELAINE.STEVENS@sakilacustomer.org,131,1,14-02-2006 22:04,15-02-2006 04:57,ELAINE STEVENS,Active,sakilacustomer.org
128,1,MARJORIE,TUCKER,MARJORIE.TUCKER@sakilacustomer.org,132,1,14-02-2006 22:04,15-02-2006 04:57,MARJORIE TUCKER,Active,sakilacustomer.org
129,1,CARRIE,PORTER,CARRIE.PORTER@sakilacustomer.org,133,1,14-02-2006 22:04,15-02-2006 04:57,CARRIE PORTER,Active,sakilacustomer.org
130,1,CHARLOTTE,HUNTER,CHARLOTTE.HUNTER@sakilacustomer.org,134,1,14-02-2006 22:04,15-02-2006 04:57,CHARLOTTE HUNTER,Active,sakilacustomer.org
131,2,MONICA,HICKS,MONICA.HICKS@sakilacustomer.org,135,1,14-02-2006 22:04,15-02-2006 04:57,MONICA HICKS,Active,sakilacustomer.org
132,2,ESTHER,CRAWFORD,ESTHER.CRAWFORD@sakilacustomer.org,136,1,14-02-2006 22:04,15-02-2006 04:57,ESTHER CRAWFORD,Active,sakilacustomer.org
133,1,PAULINE,HENRY,PAULINE.HENRY@sakilacustomer.org,137,1,14-02-2006 22:04,15-02-2006 04:57,PAULINE HENRY,Active,sakilacustomer.org
134,1,EMMA,BOYD,EMMA.BOYD@sakilacustomer.org,138,1,14-02-2006 22:04,15-02-2006 04:57,EMMA BOYD,Active,sakilacustomer.org
135,2,JUANITA,MASON,JUANITA.MASON@sakilacustomer.org,139,1,14-02-2006 22:04,15-02-2006 04:57,JUANITA MASON,Active,sakilacustomer.org
136,2,ANITA,MORALES,ANITA.MORALES@sakilacustomer.org,140,1,14-02-2006 22:04,15-02-2006 04:57,ANITA MORALES,Active,sakilacustomer.org
137,2,RHONDA,KENNEDY,RHONDA.KENNEDY@sakilacustomer.org,141,1,14-02-2006 22:04,15-02-2006 04:57,RHONDA KENNEDY,Active,sakilacustomer.org
138,1,HAZEL,WARREN,HAZEL.WARREN@sakilacustomer.org,142,1,14-02-2006 22:04,15-02-2006 04:57,HAZEL WARREN,Active,sakilacustomer.org
139,1,AMBER,DIXON,AMBER.DIXON@sakilacustomer.org,143,1,14-02-2006 22:04,15-02-2006 04:57,AMBER DIXON,Active,sakilacustomer.org
140,1,EVA,RAMOS,EVA.RAMOS@sakilacustomer.org,144,1,14-02-2006 22:04,15-02-2006 04:57,EVA RAMOS,Active,sakilacustomer.org
141,1,DEBBIE,REYES,DEBBIE.REYES@sakilacustomer.org,145,1,14-02-2006 22:04,15-02-2006 04:57,DEBBIE REYES,Active,sakilacustomer.org
142,1,APRIL,BURNS,APRIL.BURNS@sakilacustomer.org,146,1,14-02-2006 22:04,15-02-2006 04:57,APRIL BURNS,Active,sakilacustomer.org
143,1,LESLIE,GORDON,LESLIE.GORDON@sakilacustomer.org,147,1,14-02-2006 22:04,15-02-2006 04:57,LESLIE GORDON,Active,sakilacustomer.org
144,1,CLARA,SHAW,CLARA.SHAW@sakilacustomer.org,148,1,14-02-2006 22:04,15-02-2006 04:57,CLARA SHAW,Active,sakilacustomer.org
145,1,LUCILLE,HOLMES,LUCILLE.HOLMES@sakilacustomer.org,149,1,14-02-2006 22:04,15-02-2006 04:57,LUCILLE HOLMES,Active,sakilacustomer.org
146,1,JAMIE,RICE,JAMIE.RICE@sakilacustomer.org,150,1,14-02-2006 22:04,15-02-2006 04:57,JAMIE RICE,Active,sakilacustomer.org
147,2,JOANNE,ROBERTSON,JOANNE.ROBERTSON@sakilacustomer.org,151,1,14-02-2006 22:04,15-02-2006 04:57,JOANNE ROBERTSON,Active,sakilacustomer.org
148,1,ELEANOR,HUNT,ELEANOR.HUNT@sakilacustomer.org,152,1,14-02-2006 22:04,15-02-2006 04:57,ELEANOR HUNT,Active,sakilacustomer.org
149,1,VALERIE,BLACK,VALERIE.BLACK@sakilacustomer.org,153,1,14-02-2006 22:04,15-02-2006 04:57,VALERIE BLACK,Active,sakilacustomer.org
150,2,DANIELLE,DANIELS,DANIELLE.DANIELS@sakilacustomer.org,154,1,14-02-2006 22:04,15-02-2006 04:57,DANIELLE DANIELS,Active,sakilacustomer.org
151,2,MEGAN,PALMER,MEGAN.PALMER@sakilacustomer.org,155,1,14-02-2006 22:04,15-02-2006 04:57,MEGAN PALMER,Active,sakilacustomer.org
152,1,ALICIA,MILLS,ALICIA.MILLS@sakilacustomer.org,156,1,14-02-2006 22:04,15-02-2006 04:57,ALICIA MILLS,Active,sakilacustomer.org
153,2,SUZANNE,NICHOLS,SUZANNE.NICHOLS@sakilacustomer.org,157,1,14-02-2006 22:04,15-02-2006 04:57,SUZANNE NICHOLS,Active,sakilacustomer.org
154,2,MICHELE,GRANT,MICHELE.GRANT@sakilacustomer.org,158,1,14-02-2006 22:04,15-02-2006 04:57,MICHELE GRANT,Active,sakilacustomer.org
155,1,GAIL,KNIGHT,GAIL.KNIGHT@sakilacustomer.org,159,1,14-02-2006 22:04,15-02-2006 04:57,GAIL KNIGHT,Active,sakilacustomer.org
156,1,BERTHA,FERGUSON,BERTHA.FERGUSON@sakilacustomer.org,160,1,14-02-2006 22:04,15-02-2006 04:57,BERTHA FERGUSON,Active,sakilacustomer.org
157,2,DARLENE,ROSE,DARLENE.ROSE@sakilacustomer.org,161,1,14-02-2006 22:04,15-02-2006 04:57,DARLENE ROSE,Active,sakilacustomer.org
158,1,VERONICA,STONE,VERONICA.STONE@sakilacustomer.org,162,1,14-02-2006 22:04,15-02-2006 04:57,VERONICA STONE,Active,sakilacustomer.org
159,1,JILL,HAWKINS,JILL.HAWKINS@sakilacustomer.org,163,1,14-02-2006 22:04,15-02-2006 04:57,JILL HAWKINS,Active,sakilacustomer.org
160,2,ERIN,DUNN,ERIN.DUNN@sakilacustomer.org,164,1,14-02-2006 22:04,15-02-2006 04:57,ERIN DUNN,Active,sakilacustomer.org
161,1,GERALDINE,PERKINS,GERALDINE.PERKINS@sakilacustomer.org,165,1,14-02-2006 22:04,15-02-2006 04:57,GERALDINE PERKINS,Active,sakilacustomer.org
162,2,LAUREN,HUDSON,LAUREN.HUDSON@sakilacustomer.org,166,1,14-02-2006 22:04,15-02-2006 04:57,LAUREN HUDSON,Active,sakilacustomer.org
163,1,CATHY,SPENCER,CATHY.SPENCER@sakilacustomer.org,167,1,14-02-2006 22:04,15-02-2006 04:57,CATHY SPENCER,Active,sakilacustomer.org
164,2,JOANN,GARDNER,JOANN.GARDNER@sakilacustomer.org,168,1,14-02-2006 22:04,15-02-2006 04:57,JOANN GARDNER,Active,sakilacustomer.org
165,2,LORRAINE,STEPHENS,LORRAINE.STEPHENS@sakilacustomer.org,169,1,14-02-2006 22:04,15-02-2006 04:57,LORRAINE STEPHENS,Active,sakilacustomer.org
166,1,LYNN,PAYNE,LYNN.PAYNE@sakilacustomer.org,170,1,14-02-2006 22:04,15-02-2006 04:57,LYNN PAYNE,Active,sakilacustomer.org
167,2,SALLY,PIERCE,SALLY.PIERCE@sakilacustomer.org,171,1,14-02-2006 22:04,15-02-2006 04:57,SALLY PIERCE,Active,sakilacustomer.org
168,1,REGINA,BERRY,REGINA.BERRY@sakilacustomer.org,172,1,14-02-2006 22:04,15-02-2006 04:57,REGINA BERRY,Active,sakilacustomer.org
169,2,ERICA,MATTHEWS,ERICA.MATTHEWS@sakilacustomer.org,173,0,14-02-2006 22:04,15-02-2006 04:57,ERICA MATTHEWS,Inactive,sakilacustomer.org
170,1,BEATRICE,ARNOLD,BEATRICE.ARNOLD@sakilacustomer.org,174,1,14-02-2006 22:04,15-02-2006 04:57,BEATRICE ARNOLD,Active,sakilacustomer.org
171,2,DOLORES,WAGNER,DOLORES.WAGNER@sakilacustomer.org,175,1,14-02-2006 22:04,15-02-2006 04:57,DOLORES WAGNER,Active,sakilacustomer.org
172,1,BERNICE,WILLIS,BERNICE.WILLIS@sakilacustomer.org,176,1,14-02-2006 22:04,15-02-2006 04:57,BERNICE WILLIS,Active,sakilacustomer.org
173,1,AUDREY,RAY,AUDREY.RAY@sakilacustomer.org,177,1,14-02-2006 22:04,15-02-2006 04:57,AUDREY RAY,Active,sakilacustomer.org
174,2,YVONNE,WATKINS,YVONNE.WATKINS@sakilacustomer.org,178,1,14-02-2006 22:04,15-02-2006 04:57,YVONNE WATKINS,Active,sakilacustomer.org
175,1,ANNETTE,OLSON,ANNETTE.OLSON@sakilacustomer.org,179,1,14-02-2006 22:04,15-02-2006 04:57,ANNETTE OLSON,Active,sakilacustomer.org
176,1,JUNE,CARROLL,JUNE.CARROLL@sakilacustomer.org,180,1,14-02-2006 22:04,15-02-2006 04:57,JUNE CARROLL,Active,sakilacustomer.org
177,2,SAMANTHA,DUNCAN,SAMANTHA.DUNCAN@sakilacustomer.org,181,1,14-02-2006 22:04,15-02-2006 04:57,SAMANTHA DUNCAN,Active,sakilacustomer.org
178,2,MARION,SNYDER,MARION.SNYDER@sakilacustomer.org,182,1,14-02-2006 22:04,15-02-2006 04:57,MARION SNYDER,Active,sakilacustomer.org
179,1,DANA,HART,DANA.HART@sakilacustomer.org,183,1,14-02-2006 22:04,15-02-2006 04:57,DANA HART,Active,sakilacustomer.org
180,2,STACY,CUNNINGHAM,STACY.CUNNINGHAM@sakilacustomer.org,184,1,14-02-2006 22:04,15-02-2006 04:57,STACY CUNNINGHAM,Active,sakilacustomer.org
181,2,ANA,BRADLEY,ANA.BRADLEY@sakilacustomer.org,185,1,14-02-2006 22:04,15-02-2006 04:57,ANA BRADLEY,Active,sakilacustomer.org
182,1,RENEE,LANE,RENEE.LANE@sakilacustomer.org,186,1,14-02-2006 22:04,15-02-2006 04:57,RENEE LANE,Active,sakilacustomer.org
183,2,IDA,ANDREWS,IDA.ANDREWS@sakilacustomer.org,187,1,14-02-2006 22:04,15-02-2006 04:57,IDA ANDREWS,Active,sakilacustomer.org
184,1,VIVIAN,RUIZ,VIVIAN.RUIZ@sakilacustomer.org,188,1,14-02-2006 22:04,15-02-2006 04:57,VIVIAN RUIZ,Active,sakilacustomer.org
185,1,ROBERTA,HARPER,ROBERTA.HARPER@sakilacustomer.org,189,1,14-02-2006 22:04,15-02-2006 04:57,ROBERTA HARPER,Active,sakilacustomer.org
186,2,HOLLY,FOX,HOLLY.FOX@sakilacustomer.org,190,1,14-02-2006 22:04,15-02-2006 04:57,HOLLY FOX,Active,sakilacustomer.org
187,2,BRITTANY,RILEY,BRITTANY.RILEY@sakilacustomer.org,191,1,14-02-2006 22:04,15-02-2006 04:57,BRITTANY RILEY,Active,sakilacustomer.org
188,1,MELANIE,ARMSTRONG,MELANIE.ARMSTRONG@sakilacustomer.org,192,1,14-02-2006 22:04,15-02-2006 04:57,MELANIE ARMSTRONG,Active,sakilacustomer.org
189,1,LORETTA,CARPENTER,LORETTA.CARPENTER@sakilacustomer.org,193,1,14-02-2006 22:04,15-02-2006 04:57,LORETTA CARPENTER,Active,sakilacustomer.org
190,2,YOLANDA,WEAVER,YOLANDA.WEAVER@sakilacustomer.org,194,1,14-02-2006 22:04,15-02-2006 04:57,YOLANDA WEAVER,Active,sakilacustomer.org
191,1,JEANETTE,GREENE,JEANETTE.GREENE@sakilacustomer.org,195,1,14-02-2006 22:04,15-02-2006 04:57,JEANETTE GREENE,Active,sakilacustomer.org
192,1,LAURIE,LAWRENCE,LAURIE.LAWRENCE@sakilacustomer.org,196,1,14-02-2006 22:04,15-02-2006 04:57,LAURIE LAWRENCE,Active,sakilacustomer.org
193,2,KATIE,ELLIOTT,KATIE.ELLIOTT@sakilacustomer.org,197,1,14-02-2006 22:04,15-02-2006 04:57,KATIE ELLIOTT,Active,sakilacustomer.org
194,2,KRISTEN,CHAVEZ,KRISTEN.CHAVEZ@sakilacustomer.org,198,1,14-02-2006 22:04,15-02-2006 04:57,KRISTEN CHAVEZ,Active,sakilacustomer.org
195,1,VANESSA,SIMS,VANESSA.SIMS@sakilacustomer.org,199,1,14-02-2006 22:04,15-02-2006 04:57,VANESSA SIMS,Active,sakilacustomer.org
196,1,ALMA,AUSTIN,ALMA.AUSTIN@sakilacustomer.org,200,1,14-02-2006 22:04,15-02-2006 04:57,ALMA AUSTIN,Active,sakilacustomer.org
197,2,SUE,PETERS,SUE.PETERS@sakilacustomer.org,201,1,14-02-2006 22:04,15-02-2006 04:57,SUE PETERS,Active,sakilacustomer.org
198,2,ELSIE,KELLEY,ELSIE.KELLEY@sakilacustomer.org,202,1,14-02-2006 22:04,15-02-2006 04:57,ELSIE KELLEY,Active,sakilacustomer.org
199,2,BETH,FRANKLIN,BETH.FRANKLIN@sakilacustomer.org,203,1,14-02-2006 22:04,15-02-2006 04:57,BETH FRANKLIN,Active,sakilacustomer.org
200,2,JEANNE,LAWSON,JEANNE.LAWSON@sakilacustomer.org,204,1,14-02-2006 22:04,15-02-2006 04:57,JEANNE LAWSON,Active,sakilacustomer.org
201,1,VICKI,FIELDS,VICKI.FIELDS@sakilacustomer.org,205,1,14-02-2006 22:04,15-02-2006 04:57,VICKI FIELDS,Active,sakilacustomer.org
202,2,CARLA,GUTIERREZ,CARLA.GUTIERREZ@sakilacustomer.org,206,1,14-02-2006 22:04,15-02-2006 04:57,CARLA GUTIERREZ,Active,sakilacustomer.org
203,1,TARA,RYAN,TARA.RYAN@sakilacustomer.org,207,1,14-02-2006 22:04,15-02-2006 04:57,TARA RYAN,Active,sakilacustomer.org
204,1,ROSEMARY,SCHMIDT,ROSEMARY.SCHMIDT@sakilacustomer.org,208,1,14-02-2006 22:04,15-02-2006 04:57,ROSEMARY SCHMIDT,Active,sakilacustomer.org
205,2,EILEEN,CARR,EILEEN.CARR@sakilacustomer.org,209,1,14-02-2006 22:04,15-02-2006 04:57,EILEEN CARR,Active,sakilacustomer.org
206,1,TERRI,VASQUEZ,TERRI.VASQUEZ@sakilacustomer.org,210,1,14-02-2006 22:04,15-02-2006 04:57,TERRI VASQUEZ,Active,sakilacustomer.org
207,1,GERTRUDE,CASTILLO,GERTRUDE.CASTILLO@sakilacustomer.org,211,1,14-02-2006 22:04,15-02-2006 04:57,GERTRUDE CASTILLO,Active,sakilacustomer.org
208,1,LUCY,WHEELER,LUCY.WHEELER@sakilacustomer.org,212,1,14-02-2006 22:04,15-02-2006 04:57,LUCY WHEELER,Active,sakilacustomer.org
209,2,TONYA,CHAPMAN,TONYA.CHAPMAN@sakilacustomer.org,213,1,14-02-2006 22:04,15-02-2006 04:57,TONYA CHAPMAN,Active,sakilacustomer.org
210,2,ELLA,OLIVER,ELLA.OLIVER@sakilacustomer.org,214,1,14-02-2006 22:04,15-02-2006 04:57,ELLA OLIVER,Active,sakilacustomer.org
211,1,STACEY,MONTGOMERY,STACEY.MONTGOMERY@sakilacustomer.org,215,1,14-02-2006 22:04,15-02-2006 04:57,STACEY MONTGOMERY,Active,sakilacustomer.org
212,2,WILMA,RICHARDS,WILMA.RICHARDS@sakilacustomer.org,216,1,14-02-2006 22:04,15-02-2006 04:57,WILMA RICHARDS,Active,sakilacustomer.org
213,1,GINA,WILLIAMSON,GINA.WILLIAMSON@sakilacustomer.org,217,1,14-02-2006 22:04,15-02-2006 04:57,GINA WILLIAMSON,Active,sakilacustomer.org
214,1,KRISTIN,JOHNSTON,KRISTIN.JOHNSTON@sakilacustomer.org,218,1,14-02-2006 22:04,15-02-2006 04:57,KRISTIN JOHNSTON,Active,sakilacustomer.org
215,2,JESSIE,BANKS,JESSIE.BANKS@sakilacustomer.org,219,1,14-02-2006 22:04,15-02-2006 04:57,JESSIE BANKS,Active,sakilacustomer.org
216,1,NATALIE,MEYER,NATALIE.MEYER@sakilacustomer.org,220,1,14-02-2006 22:04,15-02-2006 04:57,NATALIE MEYER,Active,sakilacustomer.org
217,2,AGNES,BISHOP,AGNES.BISHOP@sakilacustomer.org,221,1,14-02-2006 22:04,15-02-2006 04:57,AGNES BISHOP,Active,sakilacustomer.org
218,1,VERA,MCCOY,VERA.MCCOY@sakilacustomer.org,222,1,14-02-2006 22:04,15-02-2006 04:57,VERA MCCOY,Active,sakilacustomer.org
219,2,WILLIE,HOWELL,WILLIE.HOWELL@sakilacustomer.org,223,1,14-02-2006 22:04,15-02-2006 04:57,WILLIE HOWELL,Active,sakilacustomer.org
220,2,CHARLENE,ALVAREZ,CHARLENE.ALVAREZ@sakilacustomer.org,224,1,14-02-2006 22:04,15-02-2006 04:57,CHARLENE ALVAREZ,Active,sakilacustomer.org
221,1,BESSIE,MORRISON,BESSIE.MORRISON@sakilacustomer.org,225,1,14-02-2006 22:04,15-02-2006 04:57,BESSIE MORRISON,Active,sakilacustomer.org
222,2,DELORES,HANSEN,DELORES.HANSEN@sakilacustomer.org,226,1,14-02-2006 22:04,15-02-2006 04:57,DELORES HANSEN,Active,sakilacustomer.org
223,1,MELINDA,FERNANDEZ,MELINDA.FERNANDEZ@sakilacustomer.org,227,1,14-02-2006 22:04,15-02-2006 04:57,MELINDA FERNANDEZ,Active,sakilacustomer.org
224,2,PEARL,GARZA,PEARL.GARZA@sakilacustomer.org,228,1,14-02-2006 22:04,15-02-2006 04:57,PEARL GARZA,Active,sakilacustomer.org
225,1,ARLENE,HARVEY,ARLENE.HARVEY@sakilacustomer.org,229,1,14-02-2006 22:04,15-02-2006 04:57,ARLENE HARVEY,Active,sakilacustomer.org
226,2,MAUREEN,LITTLE,MAUREEN.LITTLE@sakilacustomer.org,230,1,14-02-2006 22:04,15-02-2006 04:57,MAUREEN LITTLE,Active,sakilacustomer.org
227,1,COLLEEN,BURTON,COLLEEN.BURTON@sakilacustomer.org,231,1,14-02-2006 22:04,15-02-2006 04:57,COLLEEN BURTON,Active,sakilacustomer.org
228,2,ALLISON,STANLEY,ALLISON.STANLEY@sakilacustomer.org,232,1,14-02-2006 22:04,15-02-2006 04:57,ALLISON STANLEY,Active,sakilacustomer.org
229,1,TAMARA,NGUYEN,TAMARA.NGUYEN@sakilacustomer.org,233,1,14-02-2006 22:04,15-02-2006 04:57,TAMARA NGUYEN,Active,sakilacustomer.org
230,2,JOY,GEORGE,JOY.GEORGE@sakilacustomer.org,234,1,14-02-2006 22:04,15-02-2006 04:57,JOY GEORGE,Active,sakilacustomer.org
231,1,GEORGIA,JACOBS,GEORGIA.JACOBS@sakilacustomer.org,235,1,14-02-2006 22:04,15-02-2006 04:57,GEORGIA JACOBS,Active,sakilacustomer.org
232,2,CONSTANCE,REID,CONSTANCE.REID@sakilacustomer.org,236,1,14-02-2006 22:04,15-02-2006 04:57,CONSTANCE REID,Active,sakilacustomer.org
233,2,LILLIE,KIM,LILLIE.KIM@sakilacustomer.org,237,1,14-02-2006 22:04,15-02-2006 04:57,LILLIE KIM,Active,sakilacustomer.org
234,1,CLAUDIA,FULLER,CLAUDIA.FULLER@sakilacustomer.org,238,1,14-02-2006 22:04,15-02-2006 04:57,CLAUDIA FULLER,Active,sakilacustomer.org
235,1,JACKIE,LYNCH,JACKIE.LYNCH@sakilacustomer.org,239,1,14-02-2006 22:04,15-02-2006 04:57,JACKIE LYNCH,Active,sakilacustomer.org
236,1,MARCIA,DEAN,MARCIA.DEAN@sakilacustomer.org,240,1,14-02-2006 22:04,15-02-2006 04:57,MARCIA DEAN,Active,sakilacustomer.org
237,1,TANYA,GILBERT,TANYA.GILBERT@sakilacustomer.org,241,1,14-02-2006 22:04,15-02-2006 04:57,TANYA GILBERT,Active,sakilacustomer.org
238,1,NELLIE,GARRETT,NELLIE.GARRETT@sakilacustomer.org,242,1,14-02-2006 22:04,15-02-2006 04:57,NELLIE GARRETT,Active,sakilacustomer.org
239,2,MINNIE,ROMERO,MINNIE.ROMERO@sakilacustomer.org,243,1,14-02-2006 22:04,15-02-2006 04:57,MINNIE ROMERO,Active,sakilacustomer.org
240,1,MARLENE,WELCH,MARLENE.WELCH@sakilacustomer.org,244,1,14-02-2006 22:04,15-02-2006 04:57,MARLENE WELCH,Active,sakilacustomer.org
241,2,HEIDI,LARSON,HEIDI.LARSON@sakilacustomer.org,245,0,14-02-2006 22:04,15-02-2006 04:57,HEIDI LARSON,Inactive,sakilacustomer.org
242,1,GLENDA,FRAZIER,GLENDA.FRAZIER@sakilacustomer.org,246,1,14-02-2006 22:04,15-02-2006 04:57,GLENDA FRAZIER,Active,sakilacustomer.org
243,1,LYDIA,BURKE,LYDIA.BURKE@sakilacustomer.org,247,1,14-02-2006 22:04,15-02-2006 04:57,LYDIA BURKE,Active,sakilacustomer.org
244,2,VIOLA,HANSON,VIOLA.HANSON@sakilacustomer.org,248,1,14-02-2006 22:04,15-02-2006 04:57,VIOLA HANSON,Active,sakilacustomer.org
245,1,COURTNEY,DAY,COURTNEY.DAY@sakilacustomer.org,249,1,14-02-2006 22:04,15-02-2006 04:57,COURTNEY DAY,Active,sakilacustomer.org
246,1,MARIAN,MENDOZA,MARIAN.MENDOZA@sakilacustomer.org,250,1,14-02-2006 22:04,15-02-2006 04:57,MARIAN MENDOZA,Active,sakilacustomer.org
247,1,STELLA,MORENO,STELLA.MORENO@sakilacustomer.org,251,1,14-02-2006 22:04,15-02-2006 04:57,STELLA MORENO,Active,sakilacustomer.org
248,1,CAROLINE,BOWMAN,CAROLINE.BOWMAN@sakilacustomer.org,252,1,14-02-2006 22:04,15-02-2006 04:57,CAROLINE BOWMAN,Active,sakilacustomer.org
249,2,DORA,MEDINA,DORA.MEDINA@sakilacustomer.org,253,1,14-02-2006 22:04,15-02-2006 04:57,DORA MEDINA,Active,sakilacustomer.org
250,2,JO,FOWLER,JO.FOWLER@sakilacustomer.org,254,1,14-02-2006 22:04,15-02-2006 04:57,JO FOWLER,Active,sakilacustomer.org
251,2,VICKIE,BREWER,VICKIE.BREWER@sakilacustomer.org,255,1,14-02-2006 22:04,15-02-2006 04:57,VICKIE BREWER,Active,sakilacustomer.org
252,2,MATTIE,HOFFMAN,MATTIE.HOFFMAN@sakilacustomer.org,256,1,14-02-2006 22:04,15-02-2006 04:57,MATTIE HOFFMAN,Active,sakilacustomer.org
253,1,TERRY,CARLSON,TERRY.CARLSON@sakilacustomer.org,258,1,14-02-2006 22:04,15-02-2006 04:57,TERRY CARLSON,Active,sakilacustomer.org
254,2,MAXINE,SILVA,MAXINE.SILVA@sakilacustomer.org,259,1,14-02-2006 22:04,15-02-2006 04:57,MAXINE SILVA,Active,sakilacustomer.org
255,2,IRMA,PEARSON,IRMA.PEARSON@sakilacustomer.org,260,1,14-02-2006 22:04,15-02-2006 04:57,IRMA PEARSON,Active,sakilacustomer.org
256,2,MABEL,HOLLAND,MABEL.HOLLAND@sakilacustomer.org,261,1,14-02-2006 22:04,15-02-2006 04:57,MABEL HOLLAND,Active,sakilacustomer.org
257,2,MARSHA,DOUGLAS,MARSHA.DOUGLAS@sakilacustomer.org,262,1,14-02-2006 22:04,15-02-2006 04:57,MARSHA DOUGLAS,Active,sakilacustomer.org
258,1,MYRTLE,FLEMING,MYRTLE.FLEMING@sakilacustomer.org,263,1,14-02-2006 22:04,15-02-2006 04:57,MYRTLE FLEMING,Active,sakilacustomer.org
259,2,LENA,JENSEN,LENA.JENSEN@sakilacustomer.org,264,1,14-02-2006 22:04,15-02-2006 04:57,LENA JENSEN,Active,sakilacustomer.org
260,1,CHRISTY,VARGAS,CHRISTY.VARGAS@sakilacustomer.org,265,1,14-02-2006 22:04,15-02-2006 04:57,CHRISTY VARGAS,Active,sakilacustomer.org
261,1,DEANNA,BYRD,DEANNA.BYRD@sakilacustomer.org,266,1,14-02-2006 22:04,15-02-2006 04:57,DEANNA BYRD,Active,sakilacustomer.org
262,2,PATSY,DAVIDSON,PATSY.DAVIDSON@sakilacustomer.org,267,1,14-02-2006 22:04,15-02-2006 04:57,PATSY DAVIDSON,Active,sakilacustomer.org
263,1,HILDA,HOPKINS,HILDA.HOPKINS@sakilacustomer.org,268,1,14-02-2006 22:04,15-02-2006 04:57,HILDA HOPKINS,Active,sakilacustomer.org
264,1,GWENDOLYN,MAY,GWENDOLYN.MAY@sakilacustomer.org,269,1,14-02-2006 22:04,15-02-2006 04:57,GWENDOLYN MAY,Active,sakilacustomer.org
265,2,JENNIE,TERRY,JENNIE.TERRY@sakilacustomer.org,270,1,14-02-2006 22:04,15-02-2006 04:57,JENNIE TERRY,Active,sakilacustomer.org
266,2,NORA,HERRERA,NORA.HERRERA@sakilacustomer.org,271,1,14-02-2006 22:04,15-02-2006 04:57,NORA HERRERA,Active,sakilacustomer.org
267,1,MARGIE,WADE,MARGIE.WADE@sakilacustomer.org,272,1,14-02-2006 22:04,15-02-2006 04:57,MARGIE WADE,Active,sakilacustomer.org
268,1,NINA,SOTO,NINA.SOTO@sakilacustomer.org,273,1,14-02-2006 22:04,15-02-2006 04:57,NINA SOTO,Active,sakilacustomer.org
269,1,CASSANDRA,WALTERS,CASSANDRA.WALTERS@sakilacustomer.org,274,1,14-02-2006 22:04,15-02-2006 04:57,CASSANDRA WALTERS,Active,sakilacustomer.org
270,1,LEAH,CURTIS,LEAH.CURTIS@sakilacustomer.org,275,1,14-02-2006 22:04,15-02-2006 04:57,LEAH CURTIS,Active,sakilacustomer.org
271,1,PENNY,NEAL,PENNY.NEAL@sakilacustomer.org,276,0,14-02-2006 22:04,15-02-2006 04:57,PENNY NEAL,Inactive,sakilacustomer.org
272,1,KAY,CALDWELL,KAY.CALDWELL@sakilacustomer.org,277,1,14-02-2006 22:04,15-02-2006 04:57,KAY CALDWELL,Active,sakilacustomer.org
273,2,PRISCILLA,LOWE,PRISCILLA.LOWE@sakilacustomer.org,278,1,14-02-2006 22:04,15-02-2006 04:57,PRISCILLA LOWE,Active,sakilacustomer.org
274,1,NAOMI,JENNINGS,NAOMI.JENNINGS@sakilacustomer.org,279,1,14-02-2006 22:04,15-02-2006 04:57,NAOMI JENNINGS,Active,sakilacustomer.org
275,2,CAROLE,BARNETT,CAROLE.BARNETT@sakilacustomer.org,280,1,14-02-2006 22:04,15-02-2006 04:57,CAROLE BARNETT,Active,sakilacustomer.org
276,1,BRANDY,GRAVES,BRANDY.GRAVES@sakilacustomer.org,281,1,14-02-2006 22:04,15-02-2006 04:57,BRANDY GRAVES,Active,sakilacustomer.org
277,2,OLGA,JIMENEZ,OLGA.JIMENEZ@sakilacustomer.org,282,1,14-02-2006 22:04,15-02-2006 04:57,OLGA JIMENEZ,Active,sakilacustomer.org
278,2,BILLIE,HORTON,BILLIE.HORTON@sakilacustomer.org,283,1,14-02-2006 22:04,15-02-2006 04:57,BILLIE HORTON,Active,sakilacustomer.org
279,2,DIANNE,SHELTON,DIANNE.SHELTON@sakilacustomer.org,284,1,14-02-2006 22:04,15-02-2006 04:57,DIANNE SHELTON,Active,sakilacustomer.org
280,2,TRACEY,BARRETT,TRACEY.BARRETT@sakilacustomer.org,285,1,14-02-2006 22:04,15-02-2006 04:57,TRACEY BARRETT,Active,sakilacustomer.org
281,2,LEONA,OBRIEN,LEONA.OBRIEN@sakilacustomer.org,286,1,14-02-2006 22:04,15-02-2006 04:57,LEONA OBRIEN,Active,sakilacustomer.org
282,2,JENNY,CASTRO,JENNY.CASTRO@sakilacustomer.org,287,1,14-02-2006 22:04,15-02-2006 04:57,JENNY CASTRO,Active,sakilacustomer.org
283,1,FELICIA,SUTTON,FELICIA.SUTTON@sakilacustomer.org,288,1,14-02-2006 22:04,15-02-2006 04:57,FELICIA SUTTON,Active,sakilacustomer.org
284,1,SONIA,GREGORY,SONIA.GREGORY@sakilacustomer.org,289,1,14-02-2006 22:04,15-02-2006 04:57,SONIA GREGORY,Active,sakilacustomer.org
285,1,MIRIAM,MCKINNEY,MIRIAM.MCKINNEY@sakilacustomer.org,290,1,14-02-2006 22:04,15-02-2006 04:57,MIRIAM MCKINNEY,Active,sakilacustomer.org
286,1,VELMA,LUCAS,VELMA.LUCAS@sakilacustomer.org,291,1,14-02-2006 22:04,15-02-2006 04:57,VELMA LUCAS,Active,sakilacustomer.org
287,2,BECKY,MILES,BECKY.MILES@sakilacustomer.org,292,1,14-02-2006 22:04,15-02-2006 04:57,BECKY MILES,Active,sakilacustomer.org
288,1,BOBBIE,CRAIG,BOBBIE.CRAIG@sakilacustomer.org,293,1,14-02-2006 22:04,15-02-2006 04:57,BOBBIE CRAIG,Active,sakilacustomer.org
289,1,VIOLET,RODRIQUEZ,VIOLET.RODRIQUEZ@sakilacustomer.org,294,1,14-02-2006 22:04,15-02-2006 04:57,VIOLET RODRIQUEZ,Active,sakilacustomer.org
290,1,KRISTINA,CHAMBERS,KRISTINA.CHAMBERS@sakilacustomer.org,295,1,14-02-2006 22:04,15-02-2006 04:57,KRISTINA CHAMBERS,Active,sakilacustomer.org
291,1,TONI,HOLT,TONI.HOLT@sakilacustomer.org,296,1,14-02-2006 22:04,15-02-2006 04:57,TONI HOLT,Active,sakilacustomer.org
292,2,MISTY,LAMBERT,MISTY.LAMBERT@sakilacustomer.org,297,1,14-02-2006 22:04,15-02-2006 04:57,MISTY LAMBERT,Active,sakilacustomer.org
293,2,MAE,FLETCHER,MAE.FLETCHER@sakilacustomer.org,298,1,14-02-2006 22:04,15-02-2006 04:57,MAE FLETCHER,Active,sakilacustomer.org
294,2,SHELLY,WATTS,SHELLY.WATTS@sakilacustomer.org,299,1,14-02-2006 22:04,15-02-2006 04:57,SHELLY WATTS,Active,sakilacustomer.org
295,1,DAISY,BATES,DAISY.BATES@sakilacustomer.org,300,1,14-02-2006 22:04,15-02-2006 04:57,DAISY BATES,Active,sakilacustomer.org
296,2,RAMONA,HALE,RAMONA.HALE@sakilacustomer.org,301,1,14-02-2006 22:04,15-02-2006 04:57,RAMONA HALE,Active,sakilacustomer.org
297,1,SHERRI,RHODES,SHERRI.RHODES@sakilacustomer.org,302,1,14-02-2006 22:04,15-02-2006 04:57,SHERRI RHODES,Active,sakilacustomer.org
298,1,ERIKA,PENA,ERIKA.PENA@sakilacustomer.org,303,1,14-02-2006 22:04,15-02-2006 04:57,ERIKA PENA,Active,sakilacustomer.org
299,2,JAMES,GANNON,JAMES.GANNON@sakilacustomer.org,304,1,14-02-2006 22:04,15-02-2006 04:57,JAMES GANNON,Active,sakilacustomer.org
300,1,JOHN,FARNSWORTH,JOHN.FARNSWORTH@sakilacustomer.org,305,1,14-02-2006 22:04,15-02-2006 04:57,JOHN FARNSWORTH,Active,sakilacustomer.org
301,2,ROBERT,BAUGHMAN,ROBERT.BAUGHMAN@sakilacustomer.org,306,1,14-02-2006 22:04,15-02-2006 04:57,ROBERT BAUGHMAN,Active,sakilacustomer.org
302,1,MICHAEL,SILVERMAN,MICHAEL.SILVERMAN@sakilacustomer.org,307,1,14-02-2006 22:04,15-02-2006 04:57,MICHAEL SILVERMAN,Active,sakilacustomer.org
303,2,WILLIAM,SATTERFIELD,WILLIAM.SATTERFIELD@sakilacustomer.org,308,1,14-02-2006 22:04,15-02-2006 04:57,WILLIAM SATTERFIELD,Active,sakilacustomer.org
304,2,DAVID,ROYAL,DAVID.ROYAL@sakilacustomer.org,309,1,14-02-2006 22:04,15-02-2006 04:57,DAVID ROYAL,Active,sakilacustomer.org
305,1,RICHARD,MCCRARY,RICHARD.MCCRARY@sakilacustomer.org,310,1,14-02-2006 22:04,15-02-2006 04:57,RICHARD MCCRARY,Active,sakilacustomer.org
306,1,CHARLES,KOWALSKI,CHARLES.KOWALSKI@sakilacustomer.org,311,1,14-02-2006 22:04,15-02-2006 04:57,CHARLES KOWALSKI,Active,sakilacustomer.org
307,2,JOSEPH,JOY,JOSEPH.JOY@sakilacustomer.org,312,1,14-02-2006 22:04,15-02-2006 04:57,JOSEPH JOY,Active,sakilacustomer.org
308,1,THOMAS,GRIGSBY,THOMAS.GRIGSBY@sakilacustomer.org,313,1,14-02-2006 22:04,15-02-2006 04:57,THOMAS GRIGSBY,Active,sakilacustomer.org
309,1,CHRISTOPHER,GRECO,CHRISTOPHER.GRECO@sakilacustomer.org,314,1,14-02-2006 22:04,15-02-2006 04:57,CHRISTOPHER GRECO,Active,sakilacustomer.org
310,2,DANIEL,CABRAL,DANIEL.CABRAL@sakilacustomer.org,315,1,14-02-2006 22:04,15-02-2006 04:57,DANIEL CABRAL,Active,sakilacustomer.org
311,2,PAUL,TROUT,PAUL.TROUT@sakilacustomer.org,316,1,14-02-2006 22:04,15-02-2006 04:57,PAUL TROUT,Active,sakilacustomer.org
312,2,MARK,RINEHART,MARK.RINEHART@sakilacustomer.org,317,1,14-02-2006 22:04,15-02-2006 04:57,MARK RINEHART,Active,sakilacustomer.org
313,2,DONALD,MAHON,DONALD.MAHON@sakilacustomer.org,318,1,14-02-2006 22:04,15-02-2006 04:57,DONALD MAHON,Active,sakilacustomer.org
314,1,GEORGE,LINTON,GEORGE.LINTON@sakilacustomer.org,319,1,14-02-2006 22:04,15-02-2006 04:57,GEORGE LINTON,Active,sakilacustomer.org
315,2,KENNETH,GOODEN,KENNETH.GOODEN@sakilacustomer.org,320,0,14-02-2006 22:04,15-02-2006 04:57,KENNETH GOODEN,Inactive,sakilacustomer.org
316,1,STEVEN,CURLEY,STEVEN.CURLEY@sakilacustomer.org,321,1,14-02-2006 22:04,15-02-2006 04:57,STEVEN CURLEY,Active,sakilacustomer.org
317,2,EDWARD,BAUGH,EDWARD.BAUGH@sakilacustomer.org,322,1,14-02-2006 22:04,15-02-2006 04:57,EDWARD BAUGH,Active,sakilacustomer.org
318,1,BRIAN,WYMAN,BRIAN.WYMAN@sakilacustomer.org,323,1,14-02-2006 22:04,15-02-2006 04:57,BRIAN WYMAN,Active,sakilacustomer.org
319,2,RONALD,WEINER,RONALD.WEINER@sakilacustomer.org,324,1,14-02-2006 22:04,15-02-2006 04:57,RONALD WEINER,Active,sakilacustomer.org
320,2,ANTHONY,SCHWAB,ANTHONY.SCHWAB@sakilacustomer.org,325,1,14-02-2006 22:04,15-02-2006 04:57,ANTHONY SCHWAB,Active,sakilacustomer.org
321,1,KEVIN,SCHULER,KEVIN.SCHULER@sakilacustomer.org,326,1,14-02-2006 22:04,15-02-2006 04:57,KEVIN SCHULER,Active,sakilacustomer.org
322,1,JASON,MORRISSEY,JASON.MORRISSEY@sakilacustomer.org,327,1,14-02-2006 22:04,15-02-2006 04:57,JASON MORRISSEY,Active,sakilacustomer.org
323,2,MATTHEW,MAHAN,MATTHEW.MAHAN@sakilacustomer.org,328,1,14-02-2006 22:04,15-02-2006 04:57,MATTHEW MAHAN,Active,sakilacustomer.org
324,2,GARY,COY,GARY.COY@sakilacustomer.org,329,1,14-02-2006 22:04,15-02-2006 04:57,GARY COY,Active,sakilacustomer.org
325,1,TIMOTHY,BUNN,TIMOTHY.BUNN@sakilacustomer.org,330,1,14-02-2006 22:04,15-02-2006 04:57,TIMOTHY BUNN,Active,sakilacustomer.org
326,1,JOSE,ANDREW,JOSE.ANDREW@sakilacustomer.org,331,1,14-02-2006 22:04,15-02-2006 04:57,JOSE ANDREW,Active,sakilacustomer.org
327,2,LARRY,THRASHER,LARRY.THRASHER@sakilacustomer.org,332,1,14-02-2006 22:04,15-02-2006 04:57,LARRY THRASHER,Active,sakilacustomer.org
328,2,JEFFREY,SPEAR,JEFFREY.SPEAR@sakilacustomer.org,333,1,14-02-2006 22:04,15-02-2006 04:57,JEFFREY SPEAR,Active,sakilacustomer.org
329,2,FRANK,WAGGONER,FRANK.WAGGONER@sakilacustomer.org,334,1,14-02-2006 22:04,15-02-2006 04:57,FRANK WAGGONER,Active,sakilacustomer.org
330,1,SCOTT,SHELLEY,SCOTT.SHELLEY@sakilacustomer.org,335,1,14-02-2006 22:04,15-02-2006 04:57,SCOTT SHELLEY,Active,sakilacustomer.org
331,1,ERIC,ROBERT,ERIC.ROBERT@sakilacustomer.org,336,1,14-02-2006 22:04,15-02-2006 04:57,ERIC ROBERT,Active,sakilacustomer.org
332,1,STEPHEN,QUALLS,STEPHEN.QUALLS@sakilacustomer.org,337,1,14-02-2006 22:04,15-02-2006 04:57,STEPHEN QUALLS,Active,sakilacustomer.org
333,2,ANDREW,PURDY,ANDREW.PURDY@sakilacustomer.org,338,1,14-02-2006 22:04,15-02-2006 04:57,ANDREW PURDY,Active,sakilacustomer.org
334,2,RAYMOND,MCWHORTER,RAYMOND.MCWHORTER@sakilacustomer.org,339,1,14-02-2006 22:04,15-02-2006 04:57,RAYMOND MCWHORTER,Active,sakilacustomer.org
335,1,GREGORY,MAULDIN,GREGORY.MAULDIN@sakilacustomer.org,340,1,14-02-2006 22:04,15-02-2006 04:57,GREGORY MAULDIN,Active,sakilacustomer.org
336,1,JOSHUA,MARK,JOSHUA.MARK@sakilacustomer.org,341,1,14-02-2006 22:04,15-02-2006 04:57,JOSHUA MARK,Active,sakilacustomer.org
337,1,JERRY,JORDON,JERRY.JORDON@sakilacustomer.org,342,1,14-02-2006 22:04,15-02-2006 04:57,JERRY JORDON,Active,sakilacustomer.org
338,1,DENNIS,GILMAN,DENNIS.GILMAN@sakilacustomer.org,343,1,14-02-2006 22:04,15-02-2006 04:57,DENNIS GILMAN,Active,sakilacustomer.org
339,2,WALTER,PERRYMAN,WALTER.PERRYMAN@sakilacustomer.org,344,1,14-02-2006 22:04,15-02-2006 04:57,WALTER PERRYMAN,Active,sakilacustomer.org
340,1,PATRICK,NEWSOM,PATRICK.NEWSOM@sakilacustomer.org,345,1,14-02-2006 22:04,15-02-2006 04:57,PATRICK NEWSOM,Active,sakilacustomer.org
341,1,PETER,MENARD,PETER.MENARD@sakilacustomer.org,346,1,14-02-2006 22:04,15-02-2006 04:57,PETER MENARD,Active,sakilacustomer.org
342,1,HAROLD,MARTINO,HAROLD.MARTINO@sakilacustomer.org,347,1,14-02-2006 22:04,15-02-2006 04:57,HAROLD MARTINO,Active,sakilacustomer.org
343,1,DOUGLAS,GRAF,DOUGLAS.GRAF@sakilacustomer.org,348,1,14-02-2006 22:04,15-02-2006 04:57,DOUGLAS GRAF,Active,sakilacustomer.org
344,1,HENRY,BILLINGSLEY,HENRY.BILLINGSLEY@sakilacustomer.org,349,1,14-02-2006 22:04,15-02-2006 04:57,HENRY BILLINGSLEY,Active,sakilacustomer.org
345,1,CARL,ARTIS,CARL.ARTIS@sakilacustomer.org,350,1,14-02-2006 22:04,15-02-2006 04:57,CARL ARTIS,Active,sakilacustomer.org
346,1,ARTHUR,SIMPKINS,ARTHUR.SIMPKINS@sakilacustomer.org,351,1,14-02-2006 22:04,15-02-2006 04:57,ARTHUR SIMPKINS,Active,sakilacustomer.org
347,2,RYAN,SALISBURY,RYAN.SALISBURY@sakilacustomer.org,352,1,14-02-2006 22:04,15-02-2006 04:57,RYAN SALISBURY,Active,sakilacustomer.org
348,2,ROGER,QUINTANILLA,ROGER.QUINTANILLA@sakilacustomer.org,353,1,14-02-2006 22:04,15-02-2006 04:57,ROGER QUINTANILLA,Active,sakilacustomer.org
349,2,JOE,GILLILAND,JOE.GILLILAND@sakilacustomer.org,354,1,14-02-2006 22:04,15-02-2006 04:57,JOE GILLILAND,Active,sakilacustomer.org
350,1,JUAN,FRALEY,JUAN.FRALEY@sakilacustomer.org,355,1,14-02-2006 22:04,15-02-2006 04:57,JUAN FRALEY,Active,sakilacustomer.org
351,1,JACK,FOUST,JACK.FOUST@sakilacustomer.org,356,1,14-02-2006 22:04,15-02-2006 04:57,JACK FOUST,Active,sakilacustomer.org
352,1,ALBERT,CROUSE,ALBERT.CROUSE@sakilacustomer.org,357,1,14-02-2006 22:04,15-02-2006 04:57,ALBERT CROUSE,Active,sakilacustomer.org
353,1,JONATHAN,SCARBOROUGH,JONATHAN.SCARBOROUGH@sakilacustomer.org,358,1,14-02-2006 22:04,15-02-2006 04:57,JONATHAN SCARBOROUGH,Active,sakilacustomer.org
354,2,JUSTIN,NGO,JUSTIN.NGO@sakilacustomer.org,359,1,14-02-2006 22:04,15-02-2006 04:57,JUSTIN NGO,Active,sakilacustomer.org
355,2,TERRY,GRISSOM,TERRY.GRISSOM@sakilacustomer.org,360,1,14-02-2006 22:04,15-02-2006 04:57,TERRY GRISSOM,Active,sakilacustomer.org
356,2,GERALD,FULTZ,GERALD.FULTZ@sakilacustomer.org,361,1,14-02-2006 22:04,15-02-2006 04:57,GERALD FULTZ,Active,sakilacustomer.org
357,1,KEITH,RICO,KEITH.RICO@sakilacustomer.org,362,1,14-02-2006 22:04,15-02-2006 04:57,KEITH RICO,Active,sakilacustomer.org
358,2,SAMUEL,MARLOW,SAMUEL.MARLOW@sakilacustomer.org,363,1,14-02-2006 22:04,15-02-2006 04:57,SAMUEL MARLOW,Active,sakilacustomer.org
359,2,WILLIE,MARKHAM,WILLIE.MARKHAM@sakilacustomer.org,364,1,14-02-2006 22:04,15-02-2006 04:57,WILLIE MARKHAM,Active,sakilacustomer.org
360,2,RALPH,MADRIGAL,RALPH.MADRIGAL@sakilacustomer.org,365,1,14-02-2006 22:04,15-02-2006 04:57,RALPH MADRIGAL,Active,sakilacustomer.org
361,2,LAWRENCE,LAWTON,LAWRENCE.LAWTON@sakilacustomer.org,366,1,14-02-2006 22:04,15-02-2006 04:57,LAWRENCE LAWTON,Active,sakilacustomer.org
362,1,NICHOLAS,BARFIELD,NICHOLAS.BARFIELD@sakilacustomer.org,367,1,14-02-2006 22:04,15-02-2006 04:57,NICHOLAS BARFIELD,Active,sakilacustomer.org
363,2,ROY,WHITING,ROY.WHITING@sakilacustomer.org,368,1,14-02-2006 22:04,15-02-2006 04:57,ROY WHITING,Active,sakilacustomer.org
364,1,BENJAMIN,VARNEY,BENJAMIN.VARNEY@sakilacustomer.org,369,1,14-02-2006 22:04,15-02-2006 04:57,BENJAMIN VARNEY,Active,sakilacustomer.org
365,2,BRUCE,SCHWARZ,BRUCE.SCHWARZ@sakilacustomer.org,370,1,14-02-2006 22:04,15-02-2006 04:57,BRUCE SCHWARZ,Active,sakilacustomer.org
366,1,BRANDON,HUEY,BRANDON.HUEY@sakilacustomer.org,371,1,14-02-2006 22:04,15-02-2006 04:57,BRANDON HUEY,Active,sakilacustomer.org
367,1,ADAM,GOOCH,ADAM.GOOCH@sakilacustomer.org,372,1,14-02-2006 22:04,15-02-2006 04:57,ADAM GOOCH,Active,sakilacustomer.org
368,1,HARRY,ARCE,HARRY.ARCE@sakilacustomer.org,373,0,14-02-2006 22:04,15-02-2006 04:57,HARRY ARCE,Inactive,sakilacustomer.org
369,2,FRED,WHEAT,FRED.WHEAT@sakilacustomer.org,374,1,14-02-2006 22:04,15-02-2006 04:57,FRED WHEAT,Active,sakilacustomer.org
370,2,WAYNE,TRUONG,WAYNE.TRUONG@sakilacustomer.org,375,1,14-02-2006 22:04,15-02-2006 04:57,WAYNE TRUONG,Active,sakilacustomer.org
371,1,BILLY,POULIN,BILLY.POULIN@sakilacustomer.org,376,1,14-02-2006 22:04,15-02-2006 04:57,BILLY POULIN,Active,sakilacustomer.org
372,2,STEVE,MACKENZIE,STEVE.MACKENZIE@sakilacustomer.org,377,1,14-02-2006 22:04,15-02-2006 04:57,STEVE MACKENZIE,Active,sakilacustomer.org
373,1,LOUIS,LEONE,LOUIS.LEONE@sakilacustomer.org,378,1,14-02-2006 22:04,15-02-2006 04:57,LOUIS LEONE,Active,sakilacustomer.org
374,2,JEREMY,HURTADO,JEREMY.HURTADO@sakilacustomer.org,379,1,14-02-2006 22:04,15-02-2006 04:57,JEREMY HURTADO,Active,sakilacustomer.org
375,2,AARON,SELBY,AARON.SELBY@sakilacustomer.org,380,1,14-02-2006 22:04,15-02-2006 04:57,AARON SELBY,Active,sakilacustomer.org
376,1,RANDY,GAITHER,RANDY.GAITHER@sakilacustomer.org,381,1,14-02-2006 22:04,15-02-2006 04:57,RANDY GAITHER,Active,sakilacustomer.org
377,1,HOWARD,FORTNER,HOWARD.FORTNER@sakilacustomer.org,382,1,14-02-2006 22:04,15-02-2006 04:57,HOWARD FORTNER,Active,sakilacustomer.org
378,1,EUGENE,CULPEPPER,EUGENE.CULPEPPER@sakilacustomer.org,383,1,14-02-2006 22:04,15-02-2006 04:57,EUGENE CULPEPPER,Active,sakilacustomer.org
379,1,CARLOS,COUGHLIN,CARLOS.COUGHLIN@sakilacustomer.org,384,1,14-02-2006 22:04,15-02-2006 04:57,CARLOS COUGHLIN,Active,sakilacustomer.org
380,1,RUSSELL,BRINSON,RUSSELL.BRINSON@sakilacustomer.org,385,1,14-02-2006 22:04,15-02-2006 04:57,RUSSELL BRINSON,Active,sakilacustomer.org
381,2,BOBBY,BOUDREAU,BOBBY.BOUDREAU@sakilacustomer.org,386,1,14-02-2006 22:04,15-02-2006 04:57,BOBBY BOUDREAU,Active,sakilacustomer.org
382,2,VICTOR,BARKLEY,VICTOR.BARKLEY@sakilacustomer.org,387,1,14-02-2006 22:04,15-02-2006 04:57,VICTOR BARKLEY,Active,sakilacustomer.org
383,1,MARTIN,BALES,MARTIN.BALES@sakilacustomer.org,388,1,14-02-2006 22:04,15-02-2006 04:57,MARTIN BALES,Active,sakilacustomer.org
384,2,ERNEST,STEPP,ERNEST.STEPP@sakilacustomer.org,389,1,14-02-2006 22:04,15-02-2006 04:57,ERNEST STEPP,Active,sakilacustomer.org
385,1,PHILLIP,HOLM,PHILLIP.HOLM@sakilacustomer.org,390,1,14-02-2006 22:04,15-02-2006 04:57,PHILLIP HOLM,Active,sakilacustomer.org
386,1,TODD,TAN,TODD.TAN@sakilacustomer.org,391,1,14-02-2006 22:04,15-02-2006 04:57,TODD TAN,Active,sakilacustomer.org
387,2,JESSE,SCHILLING,JESSE.SCHILLING@sakilacustomer.org,392,1,14-02-2006 22:04,15-02-2006 04:57,JESSE SCHILLING,Active,sakilacustomer.org
388,2,CRAIG,MORRELL,CRAIG.MORRELL@sakilacustomer.org,393,1,14-02-2006 22:04,15-02-2006 04:57,CRAIG MORRELL,Active,sakilacustomer.org
389,1,ALAN,KAHN,ALAN.KAHN@sakilacustomer.org,394,1,14-02-2006 22:04,15-02-2006 04:57,ALAN KAHN,Active,sakilacustomer.org
390,1,SHAWN,HEATON,SHAWN.HEATON@sakilacustomer.org,395,1,14-02-2006 22:04,15-02-2006 04:57,SHAWN HEATON,Active,sakilacustomer.org
391,1,CLARENCE,GAMEZ,CLARENCE.GAMEZ@sakilacustomer.org,396,1,14-02-2006 22:04,15-02-2006 04:57,CLARENCE GAMEZ,Active,sakilacustomer.org
392,2,SEAN,DOUGLASS,SEAN.DOUGLASS@sakilacustomer.org,397,1,14-02-2006 22:04,15-02-2006 04:57,SEAN DOUGLASS,Active,sakilacustomer.org
393,1,PHILIP,CAUSEY,PHILIP.CAUSEY@sakilacustomer.org,398,1,14-02-2006 22:04,15-02-2006 04:57,PHILIP CAUSEY,Active,sakilacustomer.org
394,2,CHRIS,BROTHERS,CHRIS.BROTHERS@sakilacustomer.org,399,1,14-02-2006 22:04,15-02-2006 04:57,CHRIS BROTHERS,Active,sakilacustomer.org
395,2,JOHNNY,TURPIN,JOHNNY.TURPIN@sakilacustomer.org,400,1,14-02-2006 22:04,15-02-2006 04:57,JOHNNY TURPIN,Active,sakilacustomer.org
396,1,EARL,SHANKS,EARL.SHANKS@sakilacustomer.org,401,1,14-02-2006 22:04,15-02-2006 04:57,EARL SHANKS,Active,sakilacustomer.org
397,1,JIMMY,SCHRADER,JIMMY.SCHRADER@sakilacustomer.org,402,1,14-02-2006 22:04,15-02-2006 04:57,JIMMY SCHRADER,Active,sakilacustomer.org
398,1,ANTONIO,MEEK,ANTONIO.MEEK@sakilacustomer.org,403,1,14-02-2006 22:04,15-02-2006 04:57,ANTONIO MEEK,Active,sakilacustomer.org
399,1,DANNY,ISOM,DANNY.ISOM@sakilacustomer.org,404,1,14-02-2006 22:04,15-02-2006 04:57,DANNY ISOM,Active,sakilacustomer.org
400,2,BRYAN,HARDISON,BRYAN.HARDISON@sakilacustomer.org,405,1,14-02-2006 22:04,15-02-2006 04:57,BRYAN HARDISON,Active,sakilacustomer.org
401,2,TONY,CARRANZA,TONY.CARRANZA@sakilacustomer.org,406,1,14-02-2006 22:04,15-02-2006 04:57,TONY CARRANZA,Active,sakilacustomer.org
402,1,LUIS,YANEZ,LUIS.YANEZ@sakilacustomer.org,407,1,14-02-2006 22:04,15-02-2006 04:57,LUIS YANEZ,Active,sakilacustomer.org
403,1,MIKE,WAY,MIKE.WAY@sakilacustomer.org,408,1,14-02-2006 22:04,15-02-2006 04:57,MIKE WAY,Active,sakilacustomer.org
404,2,STANLEY,SCROGGINS,STANLEY.SCROGGINS@sakilacustomer.org,409,1,14-02-2006 22:04,15-02-2006 04:57,STANLEY SCROGGINS,Active,sakilacustomer.org
405,1,LEONARD,SCHOFIELD,LEONARD.SCHOFIELD@sakilacustomer.org,410,1,14-02-2006 22:04,15-02-2006 04:57,LEONARD SCHOFIELD,Active,sakilacustomer.org
406,1,NATHAN,RUNYON,NATHAN.RUNYON@sakilacustomer.org,411,0,14-02-2006 22:04,15-02-2006 04:57,NATHAN RUNYON,Inactive,sakilacustomer.org
407,1,DALE,RATCLIFF,DALE.RATCLIFF@sakilacustomer.org,412,1,14-02-2006 22:04,15-02-2006 04:57,DALE RATCLIFF,Active,sakilacustomer.org
408,1,MANUEL,MURRELL,MANUEL.MURRELL@sakilacustomer.org,413,1,14-02-2006 22:04,15-02-2006 04:57,MANUEL MURRELL,Active,sakilacustomer.org
409,2,RODNEY,MOELLER,RODNEY.MOELLER@sakilacustomer.org,414,1,14-02-2006 22:04,15-02-2006 04:57,RODNEY MOELLER,Active,sakilacustomer.org
410,2,CURTIS,IRBY,CURTIS.IRBY@sakilacustomer.org,415,1,14-02-2006 22:04,15-02-2006 04:57,CURTIS IRBY,Active,sakilacustomer.org
411,1,NORMAN,CURRIER,NORMAN.CURRIER@sakilacustomer.org,416,1,14-02-2006 22:04,15-02-2006 04:57,NORMAN CURRIER,Active,sakilacustomer.org
412,2,ALLEN,BUTTERFIELD,ALLEN.BUTTERFIELD@sakilacustomer.org,417,1,14-02-2006 22:04,15-02-2006 04:57,ALLEN BUTTERFIELD,Active,sakilacustomer.org
413,2,MARVIN,YEE,MARVIN.YEE@sakilacustomer.org,418,1,14-02-2006 22:04,15-02-2006 04:57,MARVIN YEE,Active,sakilacustomer.org
414,1,VINCENT,RALSTON,VINCENT.RALSTON@sakilacustomer.org,419,1,14-02-2006 22:04,15-02-2006 04:57,VINCENT RALSTON,Active,sakilacustomer.org
415,1,GLENN,PULLEN,GLENN.PULLEN@sakilacustomer.org,420,1,14-02-2006 22:04,15-02-2006 04:57,GLENN PULLEN,Active,sakilacustomer.org
416,2,JEFFERY,PINSON,JEFFERY.PINSON@sakilacustomer.org,421,1,14-02-2006 22:04,15-02-2006 04:57,JEFFERY PINSON,Active,sakilacustomer.org
417,1,TRAVIS,ESTEP,TRAVIS.ESTEP@sakilacustomer.org,422,1,14-02-2006 22:04,15-02-2006 04:57,TRAVIS ESTEP,Active,sakilacustomer.org
418,2,JEFF,EAST,JEFF.EAST@sakilacustomer.org,423,1,14-02-2006 22:04,15-02-2006 04:57,JEFF EAST,Active,sakilacustomer.org
419,1,CHAD,CARBONE,CHAD.CARBONE@sakilacustomer.org,424,1,14-02-2006 22:04,15-02-2006 04:57,CHAD CARBONE,Active,sakilacustomer.org
420,1,JACOB,LANCE,JACOB.LANCE@sakilacustomer.org,425,1,14-02-2006 22:04,15-02-2006 04:57,JACOB LANCE,Active,sakilacustomer.org
421,1,LEE,HAWKS,LEE.HAWKS@sakilacustomer.org,426,1,14-02-2006 22:04,15-02-2006 04:57,LEE HAWKS,Active,sakilacustomer.org
422,1,MELVIN,ELLINGTON,MELVIN.ELLINGTON@sakilacustomer.org,427,1,14-02-2006 22:04,15-02-2006 04:57,MELVIN ELLINGTON,Active,sakilacustomer.org
423,2,ALFRED,CASILLAS,ALFRED.CASILLAS@sakilacustomer.org,428,1,14-02-2006 22:04,15-02-2006 04:57,ALFRED CASILLAS,Active,sakilacustomer.org
424,2,KYLE,SPURLOCK,KYLE.SPURLOCK@sakilacustomer.org,429,1,14-02-2006 22:04,15-02-2006 04:57,KYLE SPURLOCK,Active,sakilacustomer.org
425,2,FRANCIS,SIKES,FRANCIS.SIKES@sakilacustomer.org,430,1,14-02-2006 22:04,15-02-2006 04:57,FRANCIS SIKES,Active,sakilacustomer.org
426,1,BRADLEY,MOTLEY,BRADLEY.MOTLEY@sakilacustomer.org,431,1,14-02-2006 22:04,15-02-2006 04:57,BRADLEY MOTLEY,Active,sakilacustomer.org
427,2,JESUS,MCCARTNEY,JESUS.MCCARTNEY@sakilacustomer.org,432,1,14-02-2006 22:04,15-02-2006 04:57,JESUS MCCARTNEY,Active,sakilacustomer.org
428,2,HERBERT,KRUGER,HERBERT.KRUGER@sakilacustomer.org,433,1,14-02-2006 22:04,15-02-2006 04:57,HERBERT KRUGER,Active,sakilacustomer.org
429,2,FREDERICK,ISBELL,FREDERICK.ISBELL@sakilacustomer.org,434,1,14-02-2006 22:04,15-02-2006 04:57,FREDERICK ISBELL,Active,sakilacustomer.org
430,1,RAY,HOULE,RAY.HOULE@sakilacustomer.org,435,1,14-02-2006 22:04,15-02-2006 04:57,RAY HOULE,Active,sakilacustomer.org
431,2,JOEL,FRANCISCO,JOEL.FRANCISCO@sakilacustomer.org,436,1,14-02-2006 22:04,15-02-2006 04:57,JOEL FRANCISCO,Active,sakilacustomer.org
432,1,EDWIN,BURK,EDWIN.BURK@sakilacustomer.org,437,1,14-02-2006 22:04,15-02-2006 04:57,EDWIN BURK,Active,sakilacustomer.org
433,1,DON,BONE,DON.BONE@sakilacustomer.org,438,1,14-02-2006 22:04,15-02-2006 04:57,DON BONE,Active,sakilacustomer.org
434,1,EDDIE,TOMLIN,EDDIE.TOMLIN@sakilacustomer.org,439,1,14-02-2006 22:04,15-02-2006 04:57,EDDIE TOMLIN,Active,sakilacustomer.org
435,2,RICKY,SHELBY,RICKY.SHELBY@sakilacustomer.org,440,1,14-02-2006 22:04,15-02-2006 04:57,RICKY SHELBY,Active,sakilacustomer.org
436,1,TROY,QUIGLEY,TROY.QUIGLEY@sakilacustomer.org,441,1,14-02-2006 22:04,15-02-2006 04:57,TROY QUIGLEY,Active,sakilacustomer.org
437,2,RANDALL,NEUMANN,RANDALL.NEUMANN@sakilacustomer.org,442,1,14-02-2006 22:04,15-02-2006 04:57,RANDALL NEUMANN,Active,sakilacustomer.org
438,1,BARRY,LOVELACE,BARRY.LOVELACE@sakilacustomer.org,443,1,14-02-2006 22:04,15-02-2006 04:57,BARRY LOVELACE,Active,sakilacustomer.org
439,2,ALEXANDER,FENNELL,ALEXANDER.FENNELL@sakilacustomer.org,444,1,14-02-2006 22:04,15-02-2006 04:57,ALEXANDER FENNELL,Active,sakilacustomer.org
440,1,BERNARD,COLBY,BERNARD.COLBY@sakilacustomer.org,445,1,14-02-2006 22:04,15-02-2006 04:57,BERNARD COLBY,Active,sakilacustomer.org
441,1,MARIO,CHEATHAM,MARIO.CHEATHAM@sakilacustomer.org,446,1,14-02-2006 22:04,15-02-2006 04:57,MARIO CHEATHAM,Active,sakilacustomer.org
442,1,LEROY,BUSTAMANTE,LEROY.BUSTAMANTE@sakilacustomer.org,447,1,14-02-2006 22:04,15-02-2006 04:57,LEROY BUSTAMANTE,Active,sakilacustomer.org
443,2,FRANCISCO,SKIDMORE,FRANCISCO.SKIDMORE@sakilacustomer.org,448,1,14-02-2006 22:04,15-02-2006 04:57,FRANCISCO SKIDMORE,Active,sakilacustomer.org
444,2,MARCUS,HIDALGO,MARCUS.HIDALGO@sakilacustomer.org,449,1,14-02-2006 22:04,15-02-2006 04:57,MARCUS HIDALGO,Active,sakilacustomer.org
445,1,MICHEAL,FORMAN,MICHEAL.FORMAN@sakilacustomer.org,450,1,14-02-2006 22:04,15-02-2006 04:57,MICHEAL FORMAN,Active,sakilacustomer.org
446,2,THEODORE,CULP,THEODORE.CULP@sakilacustomer.org,451,0,14-02-2006 22:04,15-02-2006 04:57,THEODORE CULP,Inactive,sakilacustomer.org
447,1,CLIFFORD,BOWENS,CLIFFORD.BOWENS@sakilacustomer.org,452,1,14-02-2006 22:04,15-02-2006 04:57,CLIFFORD BOWENS,Active,sakilacustomer.org
448,1,MIGUEL,BETANCOURT,MIGUEL.BETANCOURT@sakilacustomer.org,453,1,14-02-2006 22:04,15-02-2006 04:57,MIGUEL BETANCOURT,Active,sakilacustomer.org
449,2,OSCAR,AQUINO,OSCAR.AQUINO@sakilacustomer.org,454,1,14-02-2006 22:04,15-02-2006 04:57,OSCAR AQUINO,Active,sakilacustomer.org
450,1,JAY,ROBB,JAY.ROBB@sakilacustomer.org,455,1,14-02-2006 22:04,15-02-2006 04:57,JAY ROBB,Active,sakilacustomer.org
451,1,JIM,REA,JIM.REA@sakilacustomer.org,456,1,14-02-2006 22:04,15-02-2006 04:57,JIM REA,Active,sakilacustomer.org
452,1,TOM,MILNER,TOM.MILNER@sakilacustomer.org,457,1,14-02-2006 22:04,15-02-2006 04:57,TOM MILNER,Active,sakilacustomer.org
453,1,CALVIN,MARTEL,CALVIN.MARTEL@sakilacustomer.org,458,1,14-02-2006 22:04,15-02-2006 04:57,CALVIN MARTEL,Active,sakilacustomer.org
454,2,ALEX,GRESHAM,ALEX.GRESHAM@sakilacustomer.org,459,1,14-02-2006 22:04,15-02-2006 04:57,ALEX GRESHAM,Active,sakilacustomer.org
455,2,JON,WILES,JON.WILES@sakilacustomer.org,460,1,14-02-2006 22:04,15-02-2006 04:57,JON WILES,Active,sakilacustomer.org
456,2,RONNIE,RICKETTS,RONNIE.RICKETTS@sakilacustomer.org,461,1,14-02-2006 22:04,15-02-2006 04:57,RONNIE RICKETTS,Active,sakilacustomer.org
457,2,BILL,GAVIN,BILL.GAVIN@sakilacustomer.org,462,1,14-02-2006 22:04,15-02-2006 04:57,BILL GAVIN,Active,sakilacustomer.org
458,1,LLOYD,DOWD,LLOYD.DOWD@sakilacustomer.org,463,1,14-02-2006 22:04,15-02-2006 04:57,LLOYD DOWD,Active,sakilacustomer.org
459,1,TOMMY,COLLAZO,TOMMY.COLLAZO@sakilacustomer.org,464,1,14-02-2006 22:04,15-02-2006 04:57,TOMMY COLLAZO,Active,sakilacustomer.org
460,1,LEON,BOSTIC,LEON.BOSTIC@sakilacustomer.org,465,1,14-02-2006 22:04,15-02-2006 04:57,LEON BOSTIC,Active,sakilacustomer.org
461,1,DEREK,BLAKELY,DEREK.BLAKELY@sakilacustomer.org,466,1,14-02-2006 22:04,15-02-2006 04:57,DEREK BLAKELY,Active,sakilacustomer.org
462,2,WARREN,SHERROD,WARREN.SHERROD@sakilacustomer.org,467,1,14-02-2006 22:04,15-02-2006 04:57,WARREN SHERROD,Active,sakilacustomer.org
463,2,DARRELL,POWER,DARRELL.POWER@sakilacustomer.org,468,1,14-02-2006 22:04,15-02-2006 04:57,DARRELL POWER,Active,sakilacustomer.org
464,1,JEROME,KENYON,JEROME.KENYON@sakilacustomer.org,469,1,14-02-2006 22:04,15-02-2006 04:57,JEROME KENYON,Active,sakilacustomer.org
465,1,FLOYD,GANDY,FLOYD.GANDY@sakilacustomer.org,470,1,14-02-2006 22:04,15-02-2006 04:57,FLOYD GANDY,Active,sakilacustomer.org
466,1,LEO,EBERT,LEO.EBERT@sakilacustomer.org,471,1,14-02-2006 22:04,15-02-2006 04:57,LEO EBERT,Active,sakilacustomer.org
467,2,ALVIN,DELOACH,ALVIN.DELOACH@sakilacustomer.org,472,1,14-02-2006 22:04,15-02-2006 04:57,ALVIN DELOACH,Active,sakilacustomer.org
468,1,TIM,CARY,TIM.CARY@sakilacustomer.org,473,1,14-02-2006 22:04,15-02-2006 04:57,TIM CARY,Active,sakilacustomer.org
469,2,WESLEY,BULL,WESLEY.BULL@sakilacustomer.org,474,1,14-02-2006 22:04,15-02-2006 04:57,WESLEY BULL,Active,sakilacustomer.org
470,1,GORDON,ALLARD,GORDON.ALLARD@sakilacustomer.org,475,1,14-02-2006 22:04,15-02-2006 04:57,GORDON ALLARD,Active,sakilacustomer.org
471,1,DEAN,SAUER,DEAN.SAUER@sakilacustomer.org,476,1,14-02-2006 22:04,15-02-2006 04:57,DEAN SAUER,Active,sakilacustomer.org
472,1,GREG,ROBINS,GREG.ROBINS@sakilacustomer.org,477,1,14-02-2006 22:04,15-02-2006 04:57,GREG ROBINS,Active,sakilacustomer.org
473,2,JORGE,OLIVARES,JORGE.OLIVARES@sakilacustomer.org,478,1,14-02-2006 22:04,15-02-2006 04:57,JORGE OLIVARES,Active,sakilacustomer.org
474,2,DUSTIN,GILLETTE,DUSTIN.GILLETTE@sakilacustomer.org,479,1,14-02-2006 22:04,15-02-2006 04:57,DUSTIN GILLETTE,Active,sakilacustomer.org
475,2,PEDRO,CHESTNUT,PEDRO.CHESTNUT@sakilacustomer.org,480,1,14-02-2006 22:04,15-02-2006 04:57,PEDRO CHESTNUT,Active,sakilacustomer.org
476,1,DERRICK,BOURQUE,DERRICK.BOURQUE@sakilacustomer.org,481,1,14-02-2006 22:04,15-02-2006 04:57,DERRICK BOURQUE,Active,sakilacustomer.org
477,1,DAN,PAINE,DAN.PAINE@sakilacustomer.org,482,1,14-02-2006 22:04,15-02-2006 04:57,DAN PAINE,Active,sakilacustomer.org
478,1,LEWIS,LYMAN,LEWIS.LYMAN@sakilacustomer.org,483,1,14-02-2006 22:04,15-02-2006 04:57,LEWIS LYMAN,Active,sakilacustomer.org
479,1,ZACHARY,HITE,ZACHARY.HITE@sakilacustomer.org,484,1,14-02-2006 22:04,15-02-2006 04:57,ZACHARY HITE,Active,sakilacustomer.org
480,1,COREY,HAUSER,COREY.HAUSER@sakilacustomer.org,485,1,14-02-2006 22:04,15-02-2006 04:57,COREY HAUSER,Active,sakilacustomer.org
481,1,HERMAN,DEVORE,HERMAN.DEVORE@sakilacustomer.org,486,1,14-02-2006 22:04,15-02-2006 04:57,HERMAN DEVORE,Active,sakilacustomer.org
482,1,MAURICE,CRAWLEY,MAURICE.CRAWLEY@sakilacustomer.org,487,0,14-02-2006 22:04,15-02-2006 04:57,MAURICE CRAWLEY,Inactive,sakilacustomer.org
483,2,VERNON,CHAPA,VERNON.CHAPA@sakilacustomer.org,488,1,14-02-2006 22:04,15-02-2006 04:57,VERNON CHAPA,Active,sakilacustomer.org
484,1,ROBERTO,VU,ROBERTO.VU@sakilacustomer.org,489,1,14-02-2006 22:04,15-02-2006 04:57,ROBERTO VU,Active,sakilacustomer.org
485,1,CLYDE,TOBIAS,CLYDE.TOBIAS@sakilacustomer.org,490,1,14-02-2006 22:04,15-02-2006 04:57,CLYDE TOBIAS,Active,sakilacustomer.org
486,1,GLEN,TALBERT,GLEN.TALBERT@sakilacustomer.org,491,1,14-02-2006 22:04,15-02-2006 04:57,GLEN TALBERT,Active,sakilacustomer.org
487,2,HECTOR,POINDEXTER,HECTOR.POINDEXTER@sakilacustomer.org,492,1,14-02-2006 22:04,15-02-2006 04:57,HECTOR POINDEXTER,Active,sakilacustomer.org
488,2,SHANE,MILLARD,SHANE.MILLARD@sakilacustomer.org,493,1,14-02-2006 22:04,15-02-2006 04:57,SHANE MILLARD,Active,sakilacustomer.org
489,1,RICARDO,MEADOR,RICARDO.MEADOR@sakilacustomer.org,494,1,14-02-2006 22:04,15-02-2006 04:57,RICARDO MEADOR,Active,sakilacustomer.org
490,1,SAM,MCDUFFIE,SAM.MCDUFFIE@sakilacustomer.org,495,1,14-02-2006 22:04,15-02-2006 04:57,SAM MCDUFFIE,Active,sakilacustomer.org
491,2,RICK,MATTOX,RICK.MATTOX@sakilacustomer.org,496,1,14-02-2006 22:04,15-02-2006 04:57,RICK MATTOX,Active,sakilacustomer.org
492,2,LESTER,KRAUS,LESTER.KRAUS@sakilacustomer.org,497,1,14-02-2006 22:04,15-02-2006 04:57,LESTER KRAUS,Active,sakilacustomer.org
493,1,BRENT,HARKINS,BRENT.HARKINS@sakilacustomer.org,498,1,14-02-2006 22:04,15-02-2006 04:57,BRENT HARKINS,Active,sakilacustomer.org
494,2,RAMON,CHOATE,RAMON.CHOATE@sakilacustomer.org,499,1,14-02-2006 22:04,15-02-2006 04:57,RAMON CHOATE,Active,sakilacustomer.org
495,2,CHARLIE,BESS,CHARLIE.BESS@sakilacustomer.org,500,1,14-02-2006 22:04,15-02-2006 04:57,CHARLIE BESS,Active,sakilacustomer.org
496,2,TYLER,WREN,TYLER.WREN@sakilacustomer.org,501,1,14-02-2006 22:04,15-02-2006 04:57,TYLER WREN,Active,sakilacustomer.org
497,2,GILBERT,SLEDGE,GILBERT.SLEDGE@sakilacustomer.org,502,1,14-02-2006 22:04,15-02-2006 04:57,GILBERT SLEDGE,Active,sakilacustomer.org
498,1,GENE,SANBORN,GENE.SANBORN@sakilacustomer.org,503,1,14-02-2006 22:04,15-02-2006 04:57,GENE SANBORN,Active,sakilacustomer.org
499,2,MARC,OUTLAW,MARC.OUTLAW@sakilacustomer.org,504,1,14-02-2006 22:04,15-02-2006 04:57,MARC OUTLAW,Active,sakilacustomer.org
500,1,REGINALD,KINDER,REGINALD.KINDER@sakilacustomer.org,505,1,14-02-2006 22:04,15-02-2006 04:57,REGINALD KINDER,Active,sakilacustomer.org
501,1,RUBEN,GEARY,RUBEN.GEARY@sakilacustomer.org,506,1,14-02-2006 22:04,15-02-2006 04:57,RUBEN GEARY,Active,sakilacustomer.org
502,1,BRETT,CORNWELL,BRETT.CORNWELL@sakilacustomer.org,507,1,14-02-2006 22:04,15-02-2006 04:57,BRETT CORNWELL,Active,sakilacustomer.org
503,1,ANGEL,BARCLAY,ANGEL.BARCLAY@sakilacustomer.org,508,1,14-02-2006 22:04,15-02-2006 04:57,ANGEL BARCLAY,Active,sakilacustomer.org
504,1,NATHANIEL,ADAM,NATHANIEL.ADAM@sakilacustomer.org,509,1,14-02-2006 22:04,15-02-2006 04:57,NATHANIEL ADAM,Active,sakilacustomer.org
505,1,RAFAEL,ABNEY,RAFAEL.ABNEY@sakilacustomer.org,510,1,14-02-2006 22:04,15-02-2006 04:57,RAFAEL ABNEY,Active,sakilacustomer.org
506,2,LESLIE,SEWARD,LESLIE.SEWARD@sakilacustomer.org,511,1,14-02-2006 22:04,15-02-2006 04:57,LESLIE SEWARD,Active,sakilacustomer.org
507,2,EDGAR,RHOADS,EDGAR.RHOADS@sakilacustomer.org,512,1,14-02-2006 22:04,15-02-2006 04:57,EDGAR RHOADS,Active,sakilacustomer.org
508,2,MILTON,HOWLAND,MILTON.HOWLAND@sakilacustomer.org,513,1,14-02-2006 22:04,15-02-2006 04:57,MILTON HOWLAND,Active,sakilacustomer.org
509,1,RAUL,FORTIER,RAUL.FORTIER@sakilacustomer.org,514,1,14-02-2006 22:04,15-02-2006 04:57,RAUL FORTIER,Active,sakilacustomer.org
510,2,BEN,EASTER,BEN.EASTER@sakilacustomer.org,515,0,14-02-2006 22:04,15-02-2006 04:57,BEN EASTER,Inactive,sakilacustomer.org
511,1,CHESTER,BENNER,CHESTER.BENNER@sakilacustomer.org,516,1,14-02-2006 22:04,15-02-2006 04:57,CHESTER BENNER,Active,sakilacustomer.org
512,1,CECIL,VINES,CECIL.VINES@sakilacustomer.org,517,1,14-02-2006 22:04,15-02-2006 04:57,CECIL VINES,Active,sakilacustomer.org
513,2,DUANE,TUBBS,DUANE.TUBBS@sakilacustomer.org,519,1,14-02-2006 22:04,15-02-2006 04:57,DUANE TUBBS,Active,sakilacustomer.org
514,2,FRANKLIN,TROUTMAN,FRANKLIN.TROUTMAN@sakilacustomer.org,520,1,14-02-2006 22:04,15-02-2006 04:57,FRANKLIN TROUTMAN,Active,sakilacustomer.org
515,1,ANDRE,RAPP,ANDRE.RAPP@sakilacustomer.org,521,1,14-02-2006 22:04,15-02-2006 04:57,ANDRE RAPP,Active,sakilacustomer.org
516,2,ELMER,NOE,ELMER.NOE@sakilacustomer.org,522,1,14-02-2006 22:04,15-02-2006 04:57,ELMER NOE,Active,sakilacustomer.org
517,2,BRAD,MCCURDY,BRAD.MCCURDY@sakilacustomer.org,523,1,14-02-2006 22:04,15-02-2006 04:57,BRAD MCCURDY,Active,sakilacustomer.org
518,1,GABRIEL,HARDER,GABRIEL.HARDER@sakilacustomer.org,524,1,14-02-2006 22:04,15-02-2006 04:57,GABRIEL HARDER,Active,sakilacustomer.org
519,2,RON,DELUCA,RON.DELUCA@sakilacustomer.org,525,1,14-02-2006 22:04,15-02-2006 04:57,RON DELUCA,Active,sakilacustomer.org
520,2,MITCHELL,WESTMORELAND,MITCHELL.WESTMORELAND@sakilacustomer.org,526,1,14-02-2006 22:04,15-02-2006 04:57,MITCHELL WESTMORELAND,Active,sakilacustomer.org
521,2,ROLAND,SOUTH,ROLAND.SOUTH@sakilacustomer.org,527,1,14-02-2006 22:04,15-02-2006 04:57,ROLAND SOUTH,Active,sakilacustomer.org
522,2,ARNOLD,HAVENS,ARNOLD.HAVENS@sakilacustomer.org,528,1,14-02-2006 22:04,15-02-2006 04:57,ARNOLD HAVENS,Active,sakilacustomer.org
523,1,HARVEY,GUAJARDO,HARVEY.GUAJARDO@sakilacustomer.org,529,1,14-02-2006 22:04,15-02-2006 04:57,HARVEY GUAJARDO,Active,sakilacustomer.org
524,1,JARED,ELY,JARED.ELY@sakilacustomer.org,530,1,14-02-2006 22:04,15-02-2006 04:57,JARED ELY,Active,sakilacustomer.org
525,2,ADRIAN,CLARY,ADRIAN.CLARY@sakilacustomer.org,531,1,14-02-2006 22:04,15-02-2006 04:57,ADRIAN CLARY,Active,sakilacustomer.org
526,2,KARL,SEAL,KARL.SEAL@sakilacustomer.org,532,1,14-02-2006 22:04,15-02-2006 04:57,KARL SEAL,Active,sakilacustomer.org
527,1,CORY,MEEHAN,CORY.MEEHAN@sakilacustomer.org,533,1,14-02-2006 22:04,15-02-2006 04:57,CORY MEEHAN,Active,sakilacustomer.org
528,1,CLAUDE,HERZOG,CLAUDE.HERZOG@sakilacustomer.org,534,1,14-02-2006 22:04,15-02-2006 04:57,CLAUDE HERZOG,Active,sakilacustomer.org
529,2,ERIK,GUILLEN,ERIK.GUILLEN@sakilacustomer.org,535,1,14-02-2006 22:04,15-02-2006 04:57,ERIK GUILLEN,Active,sakilacustomer.org
530,2,DARRYL,ASHCRAFT,DARRYL.ASHCRAFT@sakilacustomer.org,536,1,14-02-2006 22:04,15-02-2006 04:57,DARRYL ASHCRAFT,Active,sakilacustomer.org
531,2,JAMIE,WAUGH,JAMIE.WAUGH@sakilacustomer.org,537,1,14-02-2006 22:04,15-02-2006 04:57,JAMIE WAUGH,Active,sakilacustomer.org
532,2,NEIL,RENNER,NEIL.RENNER@sakilacustomer.org,538,1,14-02-2006 22:04,15-02-2006 04:57,NEIL RENNER,Active,sakilacustomer.org
533,1,JESSIE,MILAM,JESSIE.MILAM@sakilacustomer.org,539,1,14-02-2006 22:04,15-02-2006 04:57,JESSIE MILAM,Active,sakilacustomer.org
534,1,CHRISTIAN,JUNG,CHRISTIAN.JUNG@sakilacustomer.org,540,0,14-02-2006 22:04,15-02-2006 04:57,CHRISTIAN JUNG,Inactive,sakilacustomer.org
535,1,JAVIER,ELROD,JAVIER.ELROD@sakilacustomer.org,541,1,14-02-2006 22:04,15-02-2006 04:57,JAVIER ELROD,Active,sakilacustomer.org
536,2,FERNANDO,CHURCHILL,FERNANDO.CHURCHILL@sakilacustomer.org,542,1,14-02-2006 22:04,15-02-2006 04:57,FERNANDO CHURCHILL,Active,sakilacustomer.org
537,2,CLINTON,BUFORD,CLINTON.BUFORD@sakilacustomer.org,543,1,14-02-2006 22:04,15-02-2006 04:57,CLINTON BUFORD,Active,sakilacustomer.org
538,2,TED,BREAUX,TED.BREAUX@sakilacustomer.org,544,1,14-02-2006 22:04,15-02-2006 04:57,TED BREAUX,Active,sakilacustomer.org
539,1,MATHEW,BOLIN,MATHEW.BOLIN@sakilacustomer.org,545,1,14-02-2006 22:04,15-02-2006 04:57,MATHEW BOLIN,Active,sakilacustomer.org
540,1,TYRONE,ASHER,TYRONE.ASHER@sakilacustomer.org,546,1,14-02-2006 22:04,15-02-2006 04:57,TYRONE ASHER,Active,sakilacustomer.org
541,2,DARREN,WINDHAM,DARREN.WINDHAM@sakilacustomer.org,547,1,14-02-2006 22:04,15-02-2006 04:57,DARREN WINDHAM,Active,sakilacustomer.org
542,2,LONNIE,TIRADO,LONNIE.TIRADO@sakilacustomer.org,548,1,14-02-2006 22:04,15-02-2006 04:57,LONNIE TIRADO,Active,sakilacustomer.org
543,1,LANCE,PEMBERTON,LANCE.PEMBERTON@sakilacustomer.org,549,1,14-02-2006 22:04,15-02-2006 04:57,LANCE PEMBERTON,Active,sakilacustomer.org
544,2,CODY,NOLEN,CODY.NOLEN@sakilacustomer.org,550,1,14-02-2006 22:04,15-02-2006 04:57,CODY NOLEN,Active,sakilacustomer.org
545,2,JULIO,NOLAND,JULIO.NOLAND@sakilacustomer.org,551,1,14-02-2006 22:04,15-02-2006 04:57,JULIO NOLAND,Active,sakilacustomer.org
546,1,KELLY,KNOTT,KELLY.KNOTT@sakilacustomer.org,552,1,14-02-2006 22:04,15-02-2006 04:57,KELLY KNOTT,Active,sakilacustomer.org
547,1,KURT,EMMONS,KURT.EMMONS@sakilacustomer.org,553,1,14-02-2006 22:04,15-02-2006 04:57,KURT EMMONS,Active,sakilacustomer.org
548,1,ALLAN,CORNISH,ALLAN.CORNISH@sakilacustomer.org,554,1,14-02-2006 22:04,15-02-2006 04:57,ALLAN CORNISH,Active,sakilacustomer.org
549,1,NELSON,CHRISTENSON,NELSON.CHRISTENSON@sakilacustomer.org,555,1,14-02-2006 22:04,15-02-2006 04:57,NELSON CHRISTENSON,Active,sakilacustomer.org
550,2,GUY,BROWNLEE,GUY.BROWNLEE@sakilacustomer.org,556,1,14-02-2006 22:04,15-02-2006 04:57,GUY BROWNLEE,Active,sakilacustomer.org
551,2,CLAYTON,BARBEE,CLAYTON.BARBEE@sakilacustomer.org,557,1,14-02-2006 22:04,15-02-2006 04:57,CLAYTON BARBEE,Active,sakilacustomer.org
552,2,HUGH,WALDROP,HUGH.WALDROP@sakilacustomer.org,558,1,14-02-2006 22:04,15-02-2006 04:57,HUGH WALDROP,Active,sakilacustomer.org
553,1,MAX,PITT,MAX.PITT@sakilacustomer.org,559,1,14-02-2006 22:04,15-02-2006 04:57,MAX PITT,Active,sakilacustomer.org
554,1,DWAYNE,OLVERA,DWAYNE.OLVERA@sakilacustomer.org,560,1,14-02-2006 22:04,15-02-2006 04:57,DWAYNE OLVERA,Active,sakilacustomer.org
555,1,DWIGHT,LOMBARDI,DWIGHT.LOMBARDI@sakilacustomer.org,561,1,14-02-2006 22:04,15-02-2006 04:57,DWIGHT LOMBARDI,Active,sakilacustomer.org
556,2,ARMANDO,GRUBER,ARMANDO.GRUBER@sakilacustomer.org,562,1,14-02-2006 22:04,15-02-2006 04:57,ARMANDO GRUBER,Active,sakilacustomer.org
557,1,FELIX,GAFFNEY,FELIX.GAFFNEY@sakilacustomer.org,563,1,14-02-2006 22:04,15-02-2006 04:57,FELIX GAFFNEY,Active,sakilacustomer.org
558,1,JIMMIE,EGGLESTON,JIMMIE.EGGLESTON@sakilacustomer.org,564,0,14-02-2006 22:04,15-02-2006 04:57,JIMMIE EGGLESTON,Inactive,sakilacustomer.org
559,2,EVERETT,BANDA,EVERETT.BANDA@sakilacustomer.org,565,1,14-02-2006 22:04,15-02-2006 04:57,EVERETT BANDA,Active,sakilacustomer.org
560,1,JORDAN,ARCHULETA,JORDAN.ARCHULETA@sakilacustomer.org,566,1,14-02-2006 22:04,15-02-2006 04:57,JORDAN ARCHULETA,Active,sakilacustomer.org
561,2,IAN,STILL,IAN.STILL@sakilacustomer.org,567,1,14-02-2006 22:04,15-02-2006 04:57,IAN STILL,Active,sakilacustomer.org
562,1,WALLACE,SLONE,WALLACE.SLONE@sakilacustomer.org,568,1,14-02-2006 22:04,15-02-2006 04:57,WALLACE SLONE,Active,sakilacustomer.org
563,2,KEN,PREWITT,KEN.PREWITT@sakilacustomer.org,569,1,14-02-2006 22:04,15-02-2006 04:57,KEN PREWITT,Active,sakilacustomer.org
564,2,BOB,PFEIFFER,BOB.PFEIFFER@sakilacustomer.org,570,1,14-02-2006 22:04,15-02-2006 04:57,BOB PFEIFFER,Active,sakilacustomer.org
565,2,JAIME,NETTLES,JAIME.NETTLES@sakilacustomer.org,571,1,14-02-2006 22:04,15-02-2006 04:57,JAIME NETTLES,Active,sakilacustomer.org
566,1,CASEY,MENA,CASEY.MENA@sakilacustomer.org,572,1,14-02-2006 22:04,15-02-2006 04:57,CASEY MENA,Active,sakilacustomer.org
567,2,ALFREDO,MCADAMS,ALFREDO.MCADAMS@sakilacustomer.org,573,1,14-02-2006 22:04,15-02-2006 04:57,ALFREDO MCADAMS,Active,sakilacustomer.org
568,2,ALBERTO,HENNING,ALBERTO.HENNING@sakilacustomer.org,574,1,14-02-2006 22:04,15-02-2006 04:57,ALBERTO HENNING,Active,sakilacustomer.org
569,2,DAVE,GARDINER,DAVE.GARDINER@sakilacustomer.org,575,1,14-02-2006 22:04,15-02-2006 04:57,DAVE GARDINER,Active,sakilacustomer.org
570,2,IVAN,CROMWELL,IVAN.CROMWELL@sakilacustomer.org,576,1,14-02-2006 22:04,15-02-2006 04:57,IVAN CROMWELL,Active,sakilacustomer.org
571,2,JOHNNIE,CHISHOLM,JOHNNIE.CHISHOLM@sakilacustomer.org,577,1,14-02-2006 22:04,15-02-2006 04:57,JOHNNIE CHISHOLM,Active,sakilacustomer.org
572,1,SIDNEY,BURLESON,SIDNEY.BURLESON@sakilacustomer.org,578,1,14-02-2006 22:04,15-02-2006 04:57,SIDNEY BURLESON,Active,sakilacustomer.org
573,1,BYRON,BOX,BYRON.BOX@sakilacustomer.org,579,1,14-02-2006 22:04,15-02-2006 04:57,BYRON BOX,Active,sakilacustomer.org
574,2,JULIAN,VEST,JULIAN.VEST@sakilacustomer.org,580,1,14-02-2006 22:04,15-02-2006 04:57,JULIAN VEST,Active,sakilacustomer.org
575,2,ISAAC,OGLESBY,ISAAC.OGLESBY@sakilacustomer.org,581,1,14-02-2006 22:04,15-02-2006 04:57,ISAAC OGLESBY,Active,sakilacustomer.org
576,2,MORRIS,MCCARTER,MORRIS.MCCARTER@sakilacustomer.org,582,1,14-02-2006 22:04,15-02-2006 04:57,MORRIS MCCARTER,Active,sakilacustomer.org
577,2,CLIFTON,MALCOLM,CLIFTON.MALCOLM@sakilacustomer.org,583,1,14-02-2006 22:04,15-02-2006 04:57,CLIFTON MALCOLM,Active,sakilacustomer.org
578,2,WILLARD,LUMPKIN,WILLARD.LUMPKIN@sakilacustomer.org,584,1,14-02-2006 22:04,15-02-2006 04:57,WILLARD LUMPKIN,Active,sakilacustomer.org
579,2,DARYL,LARUE,DARYL.LARUE@sakilacustomer.org,585,1,14-02-2006 22:04,15-02-2006 04:57,DARYL LARUE,Active,sakilacustomer.org
580,1,ROSS,GREY,ROSS.GREY@sakilacustomer.org,586,1,14-02-2006 22:04,15-02-2006 04:57,ROSS GREY,Active,sakilacustomer.org
581,1,VIRGIL,WOFFORD,VIRGIL.WOFFORD@sakilacustomer.org,587,1,14-02-2006 22:04,15-02-2006 04:57,VIRGIL WOFFORD,Active,sakilacustomer.org
582,2,ANDY,VANHORN,ANDY.VANHORN@sakilacustomer.org,588,1,14-02-2006 22:04,15-02-2006 04:57,ANDY VANHORN,Active,sakilacustomer.org
583,1,MARSHALL,THORN,MARSHALL.THORN@sakilacustomer.org,589,1,14-02-2006 22:04,15-02-2006 04:57,MARSHALL THORN,Active,sakilacustomer.org
584,2,SALVADOR,TEEL,SALVADOR.TEEL@sakilacustomer.org,590,1,14-02-2006 22:04,15-02-2006 04:57,SALVADOR TEEL,Active,sakilacustomer.org
585,1,PERRY,SWAFFORD,PERRY.SWAFFORD@sakilacustomer.org,591,1,14-02-2006 22:04,15-02-2006 04:57,PERRY SWAFFORD,Active,sakilacustomer.org
586,1,KIRK,STCLAIR,KIRK.STCLAIR@sakilacustomer.org,592,1,14-02-2006 22:04,15-02-2006 04:57,KIRK STCLAIR,Active,sakilacustomer.org
587,1,SERGIO,STANFIELD,SERGIO.STANFIELD@sakilacustomer.org,593,1,14-02-2006 22:04,15-02-2006 04:57,SERGIO STANFIELD,Active,sakilacustomer.org
588,1,MARION,OCAMPO,MARION.OCAMPO@sakilacustomer.org,594,1,14-02-2006 22:04,15-02-2006 04:57,MARION OCAMPO,Active,sakilacustomer.org
589,1,TRACY,HERRMANN,TRACY.HERRMANN@sakilacustomer.org,595,1,14-02-2006 22:04,15-02-2006 04:57,TRACY HERRMANN,Active,sakilacustomer.org
590,2,SETH,HANNON,SETH.HANNON@sakilacustomer.org,596,1,14-02-2006 22:04,15-02-2006 04:57,SETH HANNON,Active,sakilacustomer.org
591,1,KENT,ARSENAULT,KENT.ARSENAULT@sakilacustomer.org,597,1,14-02-2006 22:04,15-02-2006 04:57,KENT ARSENAULT,Active,sakilacustomer.org
592,1,TERRANCE,ROUSH,TERRANCE.ROUSH@sakilacustomer.org,598,0,14-02-2006 22:04,15-02-2006 04:57,TERRANCE ROUSH,Inactive,sakilacustomer.org
593,2,RENE,MCALISTER,RENE.MCALISTER@sakilacustomer.org,599,1,14-02-2006 22:04,15-02-2006 04:57,RENE MCALISTER,Active,sakilacustomer.org
594,1,EDUARDO,HIATT,EDUARDO.HIATT@sakilacustomer.org,600,1,14-02-2006 22:04,15-02-2006 04:57,EDUARDO HIATT,Active,sakilacustomer.org
595,1,TERRENCE,GUNDERSON,TERRENCE.GUNDERSON@sakilacustomer.org,601,1,14-02-2006 22:04,15-02-2006 04:57,TERRENCE GUNDERSON,Active,sakilacustomer.org
596,1,ENRIQUE,FORSYTHE,ENRIQUE.FORSYTHE@sakilacustomer.org,602,1,14-02-2006 22:04,15-02-2006 04:57,ENRIQUE FORSYTHE,Active,sakilacustomer.org
597,1,FREDDIE,DUGGAN,FREDDIE.DUGGAN@sakilacustomer.org,603,1,14-02-2006 22:04,15-02-2006 04:57,FREDDIE DUGGAN,Active,sakilacustomer.org
598,1,WADE,DELVALLE,WADE.DELVALLE@sakilacustomer.org,604,1,14-02-2006 22:04,15-02-2006 04:57,WADE DELVALLE,Active,sakilacustomer.org
599,2,AUSTIN,CINTRON,AUSTIN.CINTRON@sakilacustomer.org,605,1,14-02-2006 22:04,15-02-2006 04:57,AUSTIN CINTRON,Active,sakilacustomer.org
